clip_index,clip_id,start_time_s,start_time_h,skipped,first,old_target_s,old_video_s,old_audio_s,old_total_s,new_target_s,new_video_s,new_audio_s,new_total_s,old_frames_written,new_frames_read,old_video_source_start_s,old_video_source_end_s,new_video_source_end_s,elapsed_s,wall_clock
0,clip_1594760722_00000,2190,0.6083,False,old,0.0031,0.5124,5.7427,6.2582,0.0028,0.2909,0.9162,1.2099,64,64,0.0,14.782,2204.986,7.47,2026-09-13T23:02:59
1,clip_1594760722_00001,2205,0.6125,False,new,0.0029,0.3787,5.6499,6.0315,0.0028,0.3023,0.909,1.2141,64,64,14.782,29.546,2219.985,14.72,2026-09-13T23:03:06
2,clip_1594760722_00002,2220,0.6167,False,old,0.0033,0.365,6.1513,6.5195,0.0028,0.3464,0.9839,1.3331,64,64,29.546,44.311,2234.966,22.57,2026-09-13T23:03:14
3,clip_1594760722_00003,2235,0.6208,False,new,0.0029,0.301,5.9388,6.2427,0.0041,0.3651,0.9649,1.3341,64,64,44.311,59.059,2249.998,30.15,2026-09-13T23:03:21
4,clip_1594760722_00004,2250,0.625,False,old,0.0035,0.3105,5.8439,6.1579,0.0028,0.3478,0.9253,1.2759,64,64,59.059,73.824,2264.979,37.59,2026-09-13T23:03:29
5,clip_1594760722_00005,2265,0.6292,False,new,0.0034,0.3036,5.8012,6.1082,0.003,0.3185,0.9158,1.2372,64,64,73.824,88.572,2279.961,44.94,2026-09-13T23:03:36
6,clip_1594760722_00006,2280,0.6333,False,old,0.0038,0.3272,6.2929,6.6239,0.0028,0.3406,0.8935,1.2369,64,64,88.572,103.337,2294.959,52.8,2026-09-13T23:03:44
7,clip_1594760722_00007,2295,0.6375,False,new,0.0028,0.3085,6.0532,6.3645,0.0032,0.322,0.9209,1.2462,64,64,103.337,118.085,2309.974,60.41,2026-09-13T23:03:52
8,clip_1594760722_00008,2310,0.6417,False,old,0.0047,0.3509,5.8569,6.2125,0.0029,0.3264,0.9496,1.2789,64,64,118.085,132.849,2324.973,67.91,2026-09-13T23:03:59
9,clip_1594760722_00009,2325,0.6458,False,new,0.0028,0.316,6.0856,6.4045,0.0031,0.3325,0.9589,1.2945,64,64,132.849,147.598,2339.954,75.61,2026-09-13T23:04:07
10,clip_1594760722_00010,2340,0.65,False,old,0.003,0.3567,6.0625,6.4222,0.0028,0.3164,0.9363,1.2556,64,64,147.598,162.362,2354.986,83.29,2026-09-13T23:04:15
11,clip_1594760722_00011,2355,0.6542,False,new,0.003,0.3016,6.0785,6.3832,0.0034,0.3186,0.9048,1.2268,64,64,162.362,177.127,2369.968,90.9,2026-09-13T23:04:22
12,clip_1594760722_00012,2370,0.6583,False,old,0.0041,0.3355,5.8096,6.1492,0.0028,0.3344,0.9574,1.2946,64,64,177.127,191.875,2384.966,98.35,2026-09-13T23:04:30
13,clip_1594760722_00013,2385,0.6625,False,new,0.0027,0.2934,6.2716,6.5677,0.0037,0.3556,0.9576,1.3169,64,64,191.875,206.64,2399.981,106.24,2026-09-13T23:04:37
14,clip_1594760722_00014,2400,0.6667,False,old,0.0033,0.3494,6.2743,6.627,0.0029,0.3347,0.9506,1.2881,64,64,206.64,221.388,2414.963,114.15,2026-09-13T23:04:45
15,clip_1594760722_00015,2415,0.6708,False,new,0.0028,0.2973,6.4257,6.7258,0.0032,0.3485,0.9618,1.3135,64,64,221.388,236.153,2429.961,122.2,2026-09-13T23:04:53
16,clip_1594760722_00016,2430,0.675,False,old,0.0033,0.3576,6.3871,6.7479,0.0028,0.3831,1.0222,1.4081,64,64,236.153,250.901,2444.976,130.35,2026-09-13T23:05:02
17,clip_1594760722_00017,2445,0.6792,False,new,0.0032,0.309,6.7504,7.0626,0.0038,0.398,0.9738,1.3756,64,64,250.901,265.665,2459.974,138.79,2026-09-13T23:05:10
18,clip_1594760722_00018,2460,0.6833,False,old,0.0059,0.4017,6.4056,6.8132,0.0031,0.3796,0.9674,1.35,64,64,265.665,280.43,2474.956,146.96,2026-09-13T23:05:18
19,clip_1594760722_00019,2475,0.6875,False,new,0.0028,0.2808,6.584,6.8675,0.003,0.3492,0.9653,1.3175,64,64,280.43,295.178,2489.988,155.15,2026-09-13T23:05:26
20,clip_1594760722_00020,2505,0.6958,False,old,0.0034,0.2999,6.4305,6.7338,0.0029,0.3471,0.97,1.32,64,64,295.178,309.943,2519.968,163.21,2026-09-13T23:05:34
21,clip_1594760722_00021,2520,0.7,False,new,0.0027,0.3313,6.4613,6.7953,0.0031,0.3558,1.0003,1.3592,64,64,309.943,324.691,2534.983,171.36,2026-09-13T23:05:43
22,clip_1594760722_00022,2535,0.7042,False,old,0.0031,0.2889,6.3876,6.6797,0.0027,0.3308,0.9387,1.2723,64,64,324.691,339.456,2549.964,179.32,2026-09-13T23:05:51
23,clip_1594760722_00023,2550,0.7083,False,new,0.0027,0.3378,6.3871,6.7276,0.0031,0.3518,0.8944,1.2492,64,64,339.456,354.204,2564.962,187.3,2026-09-13T23:05:59
24,clip_1594760722_00024,2565,0.7125,False,old,0.0032,0.3034,6.2307,6.5373,0.0029,0.35,0.9098,1.2627,64,64,354.204,368.969,2579.977,195.1,2026-09-13T23:06:06
25,clip_1594760722_00025,2580,0.7167,False,new,0.0028,0.3377,6.4379,6.7784,0.003,0.3871,0.8864,1.2765,64,64,368.969,383.733,2594.976,203.16,2026-09-13T23:06:14
26,clip_1594760722_00026,2595,0.7208,False,old,0.0029,0.3179,6.517,6.8378,0.0034,0.3673,0.9325,1.3031,64,64,383.733,398.481,2609.957,211.3,2026-09-13T23:06:23
27,clip_1594760722_00027,2610,0.725,False,new,0.0027,0.3787,6.3737,6.755,0.0031,0.3689,0.8881,1.2602,64,64,398.481,413.246,2624.989,219.32,2026-09-13T23:06:31
28,clip_1594760722_00028,2625,0.7292,False,old,0.0027,0.3199,6.4677,6.7903,0.0027,0.3932,0.9149,1.3109,64,64,413.246,427.994,2639.971,227.42,2026-09-13T23:06:39
29,clip_1594760722_00029,2640,0.7333,False,new,0.0027,0.4014,6.3382,6.7423,0.0037,0.4128,0.9149,1.3313,64,64,427.994,442.759,2654.969,235.5,2026-09-13T23:06:47
30,clip_1594760722_00030,2655,0.7375,False,old,0.0031,0.3082,6.8516,7.1629,0.0028,0.3956,0.8731,1.2715,64,64,442.759,457.507,2669.951,243.94,2026-09-13T23:06:55
31,clip_1594760722_00031,2670,0.7417,False,new,0.0027,0.3088,6.4361,6.7476,0.0031,0.3853,0.8735,1.2619,64,64,457.507,472.272,2684.966,251.95,2026-09-13T23:07:03
32,clip_1594760722_00032,2685,0.7458,False,old,0.0035,0.3105,6.774,7.0881,0.0032,0.4227,0.8938,1.3197,64,64,472.272,487.037,2699.964,260.36,2026-09-13T23:07:12
33,clip_1594760722_00033,2700,0.75,False,new,0.0028,0.3106,6.4159,6.7293,0.003,0.329,0.8696,1.2016,64,64,487.037,501.785,2714.946,268.29,2026-09-13T23:07:20
34,clip_1594760722_00034,2715,0.7542,False,old,0.004,0.2743,6.7434,7.0218,0.0027,0.3169,0.8574,1.1771,64,64,501.785,516.549,2729.977,276.49,2026-09-13T23:07:28
35,clip_1594760722_00035,2730,0.7583,False,new,0.0027,0.2898,6.6417,6.9342,0.0028,0.3211,0.857,1.1809,64,64,516.549,531.298,2744.959,284.61,2026-09-13T23:07:36
36,clip_1594760722_00036,2775,0.7708,False,old,0.0033,0.2961,7.3345,7.6338,0.0033,0.3199,0.9347,1.258,64,64,531.298,546.062,2789.971,293.51,2026-09-13T23:07:45
37,clip_1594760722_00037,2790,0.775,False,new,0.0032,0.3481,7.1756,7.5268,0.0033,0.3169,0.9786,1.2988,64,64,546.062,560.81,2804.952,302.33,2026-09-13T23:07:54
38,clip_1594760722_00038,2805,0.7792,False,old,0.0036,0.3837,6.9548,7.3421,0.0029,0.2962,0.982,1.281,64,64,560.81,575.575,2819.967,310.96,2026-09-13T23:08:02
39,clip_1594760722_00039,2820,0.7833,False,new,0.0028,0.3091,7.2619,7.5738,0.0037,0.3181,0.973,1.2948,64,64,575.575,590.323,2834.966,319.83,2026-09-13T23:08:11
40,clip_1594760722_00040,2835,0.7875,False,old,0.0031,0.3685,7.2204,7.5919,0.0028,0.3028,0.9693,1.2748,64,64,590.323,605.088,2849.947,328.7,2026-09-13T23:08:20
41,clip_1594760722_00041,2850,0.7917,False,new,0.0029,0.3525,7.2036,7.559,0.003,0.3357,0.964,1.3028,64,64,605.088,619.853,2864.979,337.57,2026-09-13T23:08:29
42,clip_1594760722_00042,2865,0.7958,False,old,0.003,0.3242,6.8481,7.1754,0.0028,0.3441,0.9436,1.2905,64,64,619.853,634.601,2879.96,346.04,2026-09-13T23:08:37
43,clip_1594760722_00043,2880,0.8,False,new,0.0033,0.3866,7.1299,7.5198,0.0029,0.3855,0.8985,1.2869,64,64,634.601,649.365,2894.959,354.84,2026-09-13T23:08:46
44,clip_1594760722_00044,2895,0.8042,False,old,0.0034,0.325,7.4275,7.7559,0.0028,0.3796,0.888,1.2704,64,64,649.365,664.114,2909.974,363.87,2026-09-13T23:08:55
45,clip_1594760722_00045,2910,0.8083,False,new,0.0028,0.3291,7.2295,7.5614,0.003,0.391,0.89,1.284,64,64,664.114,678.878,2924.972,372.72,2026-09-13T23:09:04
46,clip_1594760722_00046,2925,0.8125,False,old,0.0032,0.2894,7.3341,7.6267,0.0031,0.4063,0.8805,1.2899,64,64,678.878,693.626,2939.954,381.64,2026-09-13T23:09:13
47,clip_1594760722_00047,2940,0.8167,False,new,0.0029,0.297,6.9404,7.2403,0.0032,0.333,0.923,1.2593,64,64,693.626,708.391,2954.969,390.14,2026-09-13T23:09:21
48,clip_1594760722_00048,2955,0.8208,False,old,0.0027,0.3173,7.038,7.3581,0.0028,0.3309,0.8725,1.2062,64,64,708.391,723.156,2969.967,398.71,2026-09-13T23:09:30
49,clip_1594760722_00049,2970,0.825,False,new,0.0028,0.3178,7.2311,7.5517,0.0033,0.3484,0.893,1.2446,64,64,723.156,737.904,2984.949,407.51,2026-09-13T23:09:39
50,clip_1594760722_00050,2985,0.8292,False,old,0.0045,0.3573,7.0312,7.3929,0.003,0.3468,0.8546,1.2044,64,64,737.904,752.669,2999.98,416.11,2026-09-13T23:09:47
51,clip_1594760722_00051,3000,0.8333,False,new,0.0029,0.3333,7.3458,7.682,0.0027,0.3309,0.8954,1.2291,64,64,752.669,767.417,3014.962,425.02,2026-09-13T23:09:56
52,clip_1594760722_00052,3015,0.8375,False,old,0.0032,0.3815,7.4443,7.8289,0.0028,0.3104,0.8983,1.2116,64,64,767.417,782.181,3029.96,434.07,2026-09-13T23:10:05
53,clip_1594760722_00053,3030,0.8417,False,new,0.0031,0.3226,7.6655,7.9912,0.0033,0.3094,0.922,1.2348,64,64,782.181,796.93,3044.942,443.29,2026-09-13T23:10:15
54,clip_1594760722_00054,3045,0.8458,False,old,0.0036,0.3274,7.3173,7.6484,0.0028,0.3212,0.9434,1.2674,64,64,796.93,811.694,3059.974,452.21,2026-09-13T23:10:23
55,clip_1594760722_00055,3060,0.85,False,new,0.0027,0.3587,7.3977,7.7592,0.0036,0.3396,0.9048,1.248,64,64,811.694,826.459,3074.955,461.22,2026-09-13T23:10:32
56,clip_1594760722_00056,3075,0.8542,False,old,0.0031,0.3226,7.6136,7.9393,0.0028,0.4049,0.9347,1.3425,64,64,826.459,841.207,3089.937,470.51,2026-09-13T23:10:42
57,clip_1594760722_00057,3090,0.8583,False,new,0.0028,0.2873,7.6321,7.9222,0.0029,0.4114,0.9754,1.3897,64,64,841.207,855.972,3104.969,479.82,2026-09-13T23:10:51
58,clip_1594760722_00058,3105,0.8625,False,old,0.0029,0.2947,7.9718,8.2694,0.0028,0.3464,0.9834,1.3327,64,64,855.972,870.72,3119.95,489.42,2026-09-13T23:11:01
59,clip_1594760722_00059,3120,0.8667,False,new,0.0031,0.3358,7.9505,8.2893,0.0034,0.364,1.0001,1.3674,64,64,870.72,885.485,3134.949,499.08,2026-09-13T23:11:10
60,clip_1594760722_00060,3135,0.8708,False,old,0.0031,0.395,7.8618,8.2599,0.0029,0.32,0.9709,1.2939,64,64,885.485,900.233,3149.964,508.64,2026-09-13T23:11:20
61,clip_1594760722_00061,3150,0.875,False,new,0.0031,0.3375,7.6876,8.0282,0.0028,0.2987,0.9426,1.2441,64,64,900.233,914.997,3164.962,517.92,2026-09-13T23:11:29
62,clip_1594760722_00062,3165,0.8792,False,old,0.003,0.302,7.4322,7.7373,0.0028,0.3189,0.9232,1.245,64,64,914.997,929.763,3179.943,526.9,2026-09-13T23:11:38
63,clip_1594760722_00063,3180,0.8833,False,new,0.0028,0.3819,7.4811,7.8658,0.0029,0.3577,0.9637,1.3243,64,64,929.763,944.51,3194.975,536.09,2026-09-13T23:11:47
64,clip_1594760722_00064,3195,0.8875,False,old,0.003,0.3261,7.7696,8.0987,0.0029,0.3842,0.9685,1.3556,64,64,944.51,959.275,3209.957,545.55,2026-09-13T23:11:57
65,clip_1594760722_00065,3210,0.8917,False,new,0.0028,0.3307,7.9197,8.2532,0.0033,0.417,0.9702,1.3905,64,64,959.275,974.023,3224.938,555.2,2026-09-13T23:12:06
66,clip_1594760722_00066,3225,0.8958,False,old,0.003,0.2881,7.9425,8.2336,0.0028,0.3203,0.9383,1.2613,64,64,974.023,988.788,3239.97,564.69,2026-09-13T23:12:16
67,clip_1594760722_00067,3240,0.9,False,new,0.0027,0.3343,7.6187,7.9558,0.003,0.3143,0.8943,1.2116,64,64,988.788,1003.536,3254.952,573.86,2026-09-13T23:12:25
68,clip_1594760722_00068,3255,0.9042,False,old,0.0032,0.3855,7.9385,8.3273,0.0031,0.3381,0.9225,1.2638,64,64,1003.536,1018.301,3269.95,583.46,2026-09-13T23:12:35
69,clip_1594760722_00069,3270,0.9083,False,new,0.0028,0.2985,8.088,8.3893,0.0032,0.3582,0.8976,1.259,64,64,1018.301,1033.049,3284.965,593.11,2026-09-13T23:12:44
70,clip_1594760722_00070,3285,0.9125,False,old,0.003,0.3043,7.7663,8.0736,0.0034,0.339,0.8921,1.2345,64,64,1033.049,1047.813,3299.963,602.42,2026-09-13T23:12:54
71,clip_1594760722_00071,3300,0.9167,False,new,0.003,0.3551,8.3336,8.6917,0.0029,0.3708,0.9593,1.333,64,64,1047.813,1062.578,3314.945,612.45,2026-09-13T23:13:04
72,clip_1594760722_00072,3315,0.9208,False,old,0.003,0.3098,8.1551,8.468,0.0029,0.4186,0.9038,1.3253,64,64,1062.578,1077.326,3329.977,622.25,2026-09-13T23:13:13
73,clip_1594760722_00073,3330,0.925,False,new,0.0028,0.3016,7.7724,8.0768,0.0031,0.4154,0.9039,1.3224,64,64,1077.326,1092.091,3344.958,631.65,2026-09-13T23:13:23
74,clip_1594760722_00074,3345,0.9292,False,old,0.0038,0.2984,7.9754,8.2776,0.0028,0.3502,0.8941,1.2471,64,64,1092.091,1106.839,3359.94,641.17,2026-09-13T23:13:32
75,clip_1594760722_00075,3360,0.9333,False,new,0.0027,0.2765,8.0403,8.3196,0.0029,0.3347,0.868,1.2056,64,64,1106.839,1121.604,3374.972,650.7,2026-09-13T23:13:42
76,clip_1594760722_00076,3375,0.9375,False,old,0.0035,0.3371,7.8906,8.2312,0.0032,0.3348,0.9086,1.2466,64,64,1121.604,1136.352,3389.953,660.18,2026-09-13T23:13:51
77,clip_1594760722_00077,3390,0.9417,False,new,0.0028,0.3099,8.2085,8.5212,0.0029,0.3452,0.8868,1.235,64,64,1136.352,1151.117,3404.952,669.94,2026-09-13T23:14:01
78,clip_1594760722_00078,3405,0.9458,False,old,0.0036,0.3144,8.4788,8.7967,0.0029,0.3749,0.9749,1.3527,64,64,1151.117,1165.881,3419.933,680.09,2026-09-13T23:14:11
79,clip_1594760722_00079,3420,0.95,False,new,0.0028,0.3752,8.2696,8.6476,0.003,0.3323,1.0187,1.354,64,64,1165.881,1180.629,3434.965,690.1,2026-09-13T23:14:21
80,clip_1594760722_00080,3435,0.9542,False,old,0.0036,0.3095,8.4199,8.733,0.0028,0.3399,1.0129,1.3557,64,64,1180.629,1195.394,3449.947,700.19,2026-09-13T23:14:31
81,clip_1594760722_00081,3450,0.9583,False,new,0.0027,0.3134,8.3938,8.71,0.0032,0.3084,1.0148,1.3264,64,64,1195.394,1210.142,3464.945,710.23,2026-09-13T23:14:41
82,clip_1594760722_00082,3465,0.9625,False,old,0.0037,0.3796,8.6585,9.0418,0.0029,0.3353,0.9735,1.3117,64,64,1210.142,1224.907,3479.96,720.58,2026-09-13T23:14:52
83,clip_1594760722_00083,3480,0.9667,False,new,0.0028,0.306,8.6154,8.9242,0.0031,0.3306,1.0099,1.3437,64,64,1224.907,1239.655,3494.942,730.85,2026-09-13T23:15:02
84,clip_1594760722_00084,3495,0.9708,False,old,0.0034,0.3277,8.2357,8.5667,0.0027,0.3823,0.9838,1.3688,64,64,1239.655,1254.42,3509.94,740.79,2026-09-13T23:15:12
85,clip_1594760722_00085,3510,0.975,False,new,0.0054,0.384,8.1511,8.5406,0.0034,0.4111,0.9497,1.3642,64,64,1254.42,1269.185,3524.955,750.7,2026-09-13T23:15:22
86,clip_1594760722_00086,3525,0.9792,False,old,0.0032,0.36,8.4496,8.8128,0.0029,0.3705,0.8941,1.2675,64,64,1269.185,1283.933,3539.953,760.78,2026-09-13T23:15:32
87,clip_1594760722_00087,3540,0.9833,False,new,0.0027,0.3,8.5274,8.8302,0.0031,0.3472,0.9048,1.255,64,64,1283.933,1298.697,3554.935,770.87,2026-09-13T23:15:42
88,clip_1594760722_00088,3555,0.9875,False,old,0.0031,0.3803,8.1465,8.5299,0.0029,0.3261,0.8834,1.2124,64,64,1298.697,1313.445,3569.966,780.61,2026-09-13T23:15:52
89,clip_1594760722_00089,3570,0.9917,False,new,0.0027,0.3129,9.1956,9.5113,0.0038,0.3344,0.8947,1.2329,64,64,1313.445,1328.21,3584.948,791.36,2026-09-13T23:16:03
90,clip_1594760722_00090,3585,0.9958,False,old,0.0034,0.3315,8.8277,9.1626,0.0029,0.3882,0.9413,1.3324,64,64,1328.21,1342.958,3599.946,801.86,2026-09-13T23:16:13
91,clip_1594760722_00091,3600,1.0,False,new,0.003,0.3861,9.079,9.468,0.0036,0.3965,0.9433,1.3434,64,64,1342.958,1357.723,3614.961,812.68,2026-09-13T23:16:24
92,clip_1594760722_00092,3615,1.0042,False,old,0.0031,0.3042,9.2932,9.6006,0.0028,0.3338,0.8855,1.2221,64,64,1357.723,1372.488,3629.943,823.5,2026-09-13T23:16:35
93,clip_1594760722_00093,3630,1.0083,False,new,0.0028,0.3079,8.6387,8.9494,0.0031,0.3267,0.9065,1.2363,64,64,1372.488,1387.236,3644.941,833.69,2026-09-13T23:16:45
94,clip_1594760722_00094,3645,1.0125,False,old,0.0037,0.3882,9.3577,9.7495,0.0028,0.321,0.9087,1.2325,64,64,1387.236,1402.001,3659.956,844.67,2026-09-13T23:16:56
95,clip_1594760722_00095,3660,1.0167,False,new,0.0047,0.3613,9.2943,9.6603,0.0033,0.3809,0.9073,1.2915,64,64,1402.001,1416.749,3674.955,855.63,2026-09-13T23:17:07
96,clip_1594760722_00096,3675,1.0208,False,old,0.0034,0.3156,9.0087,9.3276,0.0032,0.373,0.8907,1.267,64,64,1416.749,1431.513,3689.936,866.22,2026-09-13T23:17:17
97,clip_1594760722_00097,3690,1.025,False,new,0.0028,0.3067,8.3441,8.6537,0.0028,0.3449,0.9093,1.257,64,64,1431.513,1446.262,3704.968,876.14,2026-09-13T23:17:27
98,clip_1594760722_00098,3705,1.0292,False,old,0.0033,0.3879,9.09,9.4812,0.0029,0.3106,0.9033,1.2167,64,64,1446.262,1461.026,3719.95,886.84,2026-09-13T23:17:38
99,clip_1594760722_00099,3720,1.0333,False,new,0.0027,0.3286,8.7373,9.0686,0.0033,0.3217,0.9086,1.2336,64,64,1461.026,1475.774,3734.948,897.14,2026-09-13T23:17:48
100,clip_1594760722_00100,3735,1.0375,False,old,0.0029,0.3293,8.4902,8.8224,0.0029,0.3664,0.9521,1.3214,64,64,1475.774,1490.539,3749.963,907.3,2026-09-13T23:17:59
101,clip_1594760722_00101,3750,1.0417,False,new,0.0031,0.4083,9.2856,9.6969,0.0034,0.3572,1.0775,1.4381,64,64,1490.539,1505.304,3764.945,918.44,2026-09-13T23:18:10
102,clip_1594760722_00102,3765,1.0458,False,old,0.0034,0.3191,9.5572,9.8797,0.0028,0.3549,1.007,1.3646,64,64,1505.304,1520.052,3779.943,929.69,2026-09-13T23:18:21
103,clip_1594760722_00103,3780,1.05,False,new,0.0029,0.3188,9.0103,9.3319,0.0031,0.3,0.8939,1.1969,64,64,1520.052,1534.817,3794.925,940.22,2026-09-13T23:18:31
104,clip_1594760722_00104,3795,1.0542,False,old,0.0032,0.3811,8.9689,9.3532,0.0029,0.3592,0.9584,1.3205,64,64,1534.817,1549.565,3809.956,950.89,2026-09-13T23:18:42
105,clip_1594760722_00105,3810,1.0583,False,new,0.0028,0.3444,9.2576,9.6048,0.0031,0.3451,0.9888,1.3369,64,64,1549.565,1564.33,3824.938,961.84,2026-09-13T23:18:53
106,clip_1594760722_00106,3825,1.0625,False,old,0.0029,0.3236,9.4278,9.7543,0.0032,0.3232,0.9003,1.2267,64,64,1564.33,1579.078,3839.936,972.82,2026-09-13T23:19:04
107,clip_1594760722_00107,3840,1.0667,False,new,0.0028,0.3118,9.1292,9.4437,0.003,0.305,0.9058,1.2137,64,64,1579.078,1593.842,3854.951,983.48,2026-09-13T23:19:15
108,clip_1594760722_00108,3855,1.0708,False,old,0.0029,0.3272,9.0917,9.4219,0.0029,0.2987,0.9752,1.2768,64,64,1593.842,1608.607,3869.949,994.18,2026-09-13T23:19:25
109,clip_1594760722_00109,3870,1.075,False,new,0.0029,0.279,9.455,9.7368,0.0031,0.3065,0.9324,1.2419,64,64,1608.607,1623.355,3884.931,1005.16,2026-09-13T23:19:36
110,clip_1594760722_00110,3885,1.0792,False,old,0.0029,0.3242,9.209,9.5361,0.0028,0.3644,0.9171,1.2844,64,64,1623.355,1638.12,3899.946,1015.99,2026-09-13T23:19:47
111,clip_1594760722_00111,3900,1.0833,False,new,0.0028,0.3093,9.0649,9.377,0.0035,0.38,0.9401,1.3235,64,64,1638.12,1652.868,3914.944,1026.69,2026-09-13T23:19:58
112,clip_1594760722_00112,3915,1.0875,False,old,0.0031,0.2855,9.6003,9.8889,0.0029,0.3176,0.8911,1.2116,64,64,1652.868,1667.633,3929.926,1037.79,2026-09-13T23:20:09
113,clip_1594760722_00113,3930,1.0917,False,new,0.0028,0.3117,9.3142,9.6287,0.0029,0.3089,0.9131,1.2248,64,64,1667.633,1682.381,3944.958,1048.65,2026-09-13T23:20:20
114,clip_1594760722_00114,3945,1.0958,False,old,0.0035,0.322,9.2269,9.5523,0.0028,0.3765,0.9184,1.2977,64,64,1682.381,1697.146,3959.939,1059.5,2026-09-13T23:20:31
115,clip_1594760722_00115,3960,1.1,False,new,0.0029,0.3706,9.8417,10.2153,0.0036,0.4042,0.9668,1.3747,64,64,1697.146,1711.91,3974.938,1071.09,2026-09-13T23:20:42
116,clip_1594760722_00116,3975,1.1042,False,old,0.0029,0.3369,9.9533,10.293,0.0032,0.3468,0.8778,1.2278,64,64,1711.91,1726.658,3989.953,1082.62,2026-09-13T23:20:54
117,clip_1594760722_00117,3990,1.1083,False,new,0.0028,0.3412,9.7708,10.1148,0.0032,0.3368,0.8983,1.2383,64,64,1726.658,1741.423,4004.984,1093.97,2026-09-13T23:21:05
118,clip_1594760722_00118,4005,1.1125,False,old,0.0029,0.3503,9.613,9.9662,0.0029,0.3758,0.9205,1.2992,64,64,1741.423,1756.171,4019.966,1105.24,2026-09-13T23:21:16
119,clip_1594760722_00119,4020,1.1167,False,new,0.0027,0.3637,9.802,10.1684,0.0036,0.3649,0.923,1.2915,64,64,1756.171,1770.936,4034.981,1116.7,2026-09-13T23:21:28
120,clip_1594760722_00120,4035,1.1208,False,old,0.0031,0.3185,9.4492,9.7708,0.0028,0.3239,0.8821,1.2089,64,64,1770.936,1785.684,4049.979,1127.69,2026-09-13T23:21:39
121,clip_1594760722_00121,4050,1.125,False,new,0.0027,0.3118,9.4944,9.8089,0.0032,0.3247,0.9017,1.2296,64,64,1785.684,1800.449,4064.961,1138.73,2026-09-13T23:21:50
122,clip_1594760722_00122,4065,1.1292,False,old,0.003,0.3152,9.4093,9.7275,0.0029,0.3584,0.9377,1.299,64,64,1800.449,1815.214,4079.993,1149.76,2026-09-13T23:22:01
123,clip_1594760722_00123,4080,1.1333,False,new,0.0031,0.3408,9.6698,10.0137,0.0033,0.3854,1.0094,1.3982,64,64,1815.214,1829.962,4094.974,1161.17,2026-09-13T23:22:12
124,clip_1594760722_00124,4095,1.1375,False,old,0.0031,0.3093,9.9897,10.302,0.0028,0.3056,1.0074,1.3158,64,64,1829.962,1844.726,4109.973,1172.79,2026-09-13T23:22:24
125,clip_1594760722_00125,4110,1.1417,False,new,0.0028,0.3271,9.9786,10.3085,0.0034,0.3096,0.985,1.298,64,64,1844.726,1859.474,4124.988,1184.4,2026-09-13T23:22:36
126,clip_1594760722_00126,4125,1.1458,False,old,0.0032,0.3264,9.8227,10.1523,0.0028,0.3581,0.9538,1.3147,64,64,1859.474,1874.239,4139.986,1195.87,2026-09-13T23:22:47
127,clip_1594760722_00127,4140,1.15,False,new,0.0029,0.4019,10.1351,10.5399,0.0031,0.3542,1.0336,1.391,64,64,1874.239,1888.987,4154.968,1207.8,2026-09-13T23:22:59
128,clip_1594760722_00128,4155,1.1542,False,old,0.0029,0.3042,10.1207,10.4277,0.0028,0.3342,1.0131,1.3501,64,64,1888.987,1903.752,4169.949,1219.58,2026-09-13T23:23:11
129,clip_1594760722_00129,4170,1.1583,False,new,0.0028,0.3352,10.1669,10.5048,0.0031,0.3591,0.9459,1.3081,64,64,1903.752,1918.5,4184.981,1231.4,2026-09-13T23:23:23
130,clip_1594760722_00130,4185,1.1625,False,old,0.0032,0.3097,9.402,9.715,0.0029,0.3637,0.9238,1.2904,64,64,1918.5,1933.265,4199.963,1242.41,2026-09-13T23:23:34
131,clip_1594760722_00131,4200,1.1667,False,new,0.0028,0.3638,9.3191,9.6858,0.0032,0.4003,0.9033,1.3068,64,64,1933.265,1948.029,4214.961,1253.4,2026-09-13T23:23:45
132,clip_1594760722_00132,4215,1.1708,False,old,0.0028,0.2981,9.9734,10.2743,0.0028,0.3213,0.8856,1.2097,64,64,1948.029,1962.778,4229.976,1264.89,2026-09-13T23:23:56
133,clip_1594760722_00133,4230,1.175,False,new,0.0029,0.3071,10.309,10.619,0.0028,0.3032,0.8945,1.2006,64,64,1962.778,1977.542,4244.974,1276.71,2026-09-13T23:24:08
134,clip_1594760722_00134,4245,1.1792,False,old,0.0029,0.3087,9.7209,10.0325,0.0032,0.3687,0.9017,1.2737,64,64,1977.542,1992.29,4259.956,1288.02,2026-09-13T23:24:19
135,clip_1594760722_00135,4260,1.1833,False,new,0.0032,0.3649,9.538,9.9061,0.0032,0.3743,0.8952,1.2726,64,64,1992.29,2007.055,4274.987,1299.2,2026-09-13T23:24:30
136,clip_1594760722_00136,4275,1.1875,False,old,0.003,0.3293,10.1454,10.4776,0.0027,0.35,0.8852,1.2379,64,64,2007.055,2021.803,4289.969,1310.92,2026-09-13T23:24:42
137,clip_1594760722_00137,4290,1.1917,False,new,0.0027,0.3281,10.003,10.3339,0.0034,0.3233,0.893,1.2198,64,64,2021.803,2036.568,4304.951,1322.47,2026-09-13T23:24:54
138,clip_1594760722_00138,4305,1.1958,False,old,0.0033,0.314,10.2627,10.58,0.0029,0.3898,0.8768,1.2694,64,64,2036.568,2051.333,4319.982,1334.33,2026-09-13T23:25:06
139,clip_1594760722_00139,4320,1.2,False,new,0.0028,0.3191,9.928,10.2499,0.0034,0.3645,0.8643,1.2322,64,64,2051.333,2066.081,4334.964,1345.81,2026-09-13T23:25:17
140,clip_1594760722_00140,4335,1.2042,False,old,0.0033,0.3535,10.1747,10.5314,0.0029,0.3331,0.883,1.2189,64,64,2066.081,2080.846,4349.962,1357.57,2026-09-13T23:25:29
141,clip_1594760722_00141,4350,1.2083,False,new,0.0029,0.3366,10.3308,10.6703,0.003,0.3102,0.922,1.2352,64,64,2080.846,2095.594,4364.977,1369.47,2026-09-13T23:25:41
142,clip_1594760722_00142,4365,1.2125,False,old,0.003,0.3422,10.0847,10.4299,0.0029,0.3182,0.9034,1.2245,64,64,2095.594,2110.358,4379.976,1381.13,2026-09-13T23:25:52
143,clip_1594760722_00143,4380,1.2167,False,new,0.0028,0.2969,10.8057,11.1054,0.0032,0.3121,0.9471,1.2623,64,64,2110.358,2125.106,4394.957,1393.5,2026-09-13T23:26:05
144,clip_1594760722_00144,4395,1.2208,False,old,0.0031,0.3636,10.2591,10.6257,0.0029,0.3292,0.9579,1.2899,64,64,2125.106,2139.871,4409.989,1405.42,2026-09-13T23:26:17
145,clip_1594760722_00145,4410,1.225,False,new,0.0029,0.3456,9.9428,10.2912,0.0032,0.3702,0.9807,1.3541,64,64,2139.871,2154.636,4424.971,1417.07,2026-09-13T23:26:28
146,clip_1594760722_00146,4425,1.2292,False,old,0.0034,0.2992,10.9565,11.2591,0.0029,0.3609,0.9572,1.321,64,64,2154.636,2169.384,4439.952,1429.65,2026-09-13T23:26:41
147,clip_1594760722_00147,4440,1.2333,False,new,0.0031,0.3048,10.6612,10.9691,0.0031,0.3201,0.9605,1.2838,64,64,2169.384,2184.149,4454.984,1441.9,2026-09-13T23:26:53
148,clip_1594760722_00148,4455,1.2375,False,old,0.0032,0.3062,10.9474,11.2568,0.0034,0.3809,1.0563,1.4407,64,64,2184.149,2198.897,4469.966,1454.61,2026-09-13T23:27:06
149,clip_1594760722_00149,4470,1.2417,False,new,0.0028,0.3087,10.4899,10.8014,0.0038,0.4054,0.957,1.3662,64,64,2198.897,2213.662,4484.964,1466.78,2026-09-13T23:27:18
150,clip_1594760722_00150,4485,1.2458,False,old,0.0046,0.3186,10.8669,11.1901,0.0029,0.35,0.9562,1.3091,64,64,2213.662,2228.41,4499.979,1479.28,2026-09-13T23:27:31
151,clip_1594760722_00151,4500,1.25,False,new,0.0028,0.3984,10.3281,10.7293,0.0032,0.3245,0.9952,1.323,64,64,2228.41,2243.174,4514.977,1491.33,2026-09-13T23:27:43
152,clip_1594760722_00152,4515,1.2542,False,old,0.0029,0.3385,10.3578,10.6992,0.0029,0.3421,0.9647,1.3097,64,64,2243.174,2257.939,4529.959,1503.35,2026-09-13T23:27:55
153,clip_1594760722_00153,4530,1.2583,False,new,0.0031,0.2954,10.9585,11.257,0.0031,0.3367,0.9983,1.3382,64,64,2257.939,2272.687,4544.957,1515.94,2026-09-13T23:28:07
154,clip_1594760722_00154,4545,1.2625,False,old,0.0038,0.3139,10.4111,10.7288,0.0028,0.3534,0.9794,1.3357,64,64,2272.687,2287.452,4559.972,1528.01,2026-09-13T23:28:19
155,clip_1594760722_00155,4560,1.2667,False,new,0.0056,0.3765,10.7098,11.0919,0.0033,0.352,0.997,1.3523,64,64,2287.452,2302.2,4574.954,1540.46,2026-09-13T23:28:32
156,clip_1594760722_00156,4575,1.2708,False,old,0.0032,0.3419,10.7288,11.0739,0.0028,0.3272,0.9664,1.2964,64,64,2302.2,2316.965,4589.952,1552.83,2026-09-13T23:28:44
157,clip_1594760722_00157,4590,1.275,False,new,0.0028,0.2824,11.0447,11.3299,0.003,0.3292,0.9406,1.2728,64,64,2316.965,2331.713,4604.967,1565.43,2026-09-13T23:28:57
158,clip_1594760722_00158,4605,1.2792,False,old,0.0032,0.2986,11.199,11.5008,0.0028,0.3269,0.9414,1.2711,64,64,2331.713,2346.478,4619.965,1578.21,2026-09-13T23:29:09
159,clip_1594760722_00159,4620,1.2833,False,new,0.003,0.3263,11.079,11.4083,0.0029,0.3108,1.0223,1.336,64,64,2346.478,2361.226,4634.947,1590.95,2026-09-13T23:29:22
160,clip_1594760722_00160,4635,1.2875,False,old,0.0035,0.3278,10.2674,10.5987,0.0028,0.3407,0.9806,1.3241,64,64,2361.226,2375.99,4649.979,1602.89,2026-09-13T23:29:34
161,clip_1594760722_00161,4650,1.2917,False,new,0.0029,0.3808,10.5211,10.9047,0.003,0.3867,1.0099,1.3996,64,64,2375.99,2390.755,4664.96,1615.19,2026-09-13T23:29:46
162,clip_1594760722_00162,4665,1.2958,False,old,0.0033,0.3331,10.8537,11.1901,0.0029,0.3388,0.9502,1.2919,64,64,2390.755,2405.503,4679.959,1627.68,2026-09-13T23:29:59
163,clip_1594760722_00163,4680,1.3,False,new,0.003,0.3758,11.8162,12.1951,0.003,0.3151,0.985,1.3031,64,64,2405.503,2420.268,4694.974,1641.18,2026-09-13T23:30:12
164,clip_1594760722_00164,4695,1.3042,False,old,0.0029,0.352,11.6479,12.0028,0.0031,0.3611,0.991,1.3552,64,64,2420.268,2435.016,4709.955,1654.54,2026-09-13T23:30:26
165,clip_1594760722_00165,4710,1.3083,False,new,0.0028,0.3213,11.2456,11.5698,0.003,0.3222,0.9517,1.2769,64,64,2435.016,2449.781,4724.954,1667.39,2026-09-13T23:30:39
166,clip_1594760722_00166,4725,1.3125,False,old,0.0037,0.3723,12.8117,13.1877,0.0029,0.4679,1.0007,1.4715,64,64,2449.781,2464.529,4739.969,1682.06,2026-09-13T23:30:53
167,clip_1594760722_00167,4740,1.3167,False,new,0.0028,0.3319,12.0267,12.3614,0.003,0.367,1.0087,1.3787,64,64,2464.529,2479.294,4754.967,1695.8,2026-09-13T23:31:07
168,clip_1594760722_00168,4755,1.3208,False,old,0.0037,0.4348,11.5611,11.9997,0.0029,0.3963,1.0082,1.4074,64,64,2479.294,2494.058,4769.949,1709.21,2026-09-13T23:31:20
169,clip_1594760722_00169,4770,1.325,False,new,0.0029,0.4235,11.2079,11.6342,0.0039,0.4086,1.0366,1.4491,64,64,2494.058,2508.806,4784.98,1722.29,2026-09-13T23:31:34
170,clip_1594760722_00170,4785,1.3292,False,old,0.0036,0.4049,11.5644,11.9729,0.0031,0.3454,1.0013,1.3498,64,64,2508.806,2523.571,4799.962,1735.62,2026-09-13T23:31:47
171,clip_1594760722_00171,4800,1.3333,False,new,0.0029,0.3425,11.6057,11.9512,0.0033,0.3177,0.9637,1.2846,64,64,2523.571,2538.319,4814.96,1748.86,2026-09-13T23:32:00
172,clip_1594760722_00172,4815,1.3375,False,old,0.0031,0.3253,11.1959,11.5243,0.0029,0.3376,0.9837,1.3242,64,64,2538.319,2553.084,4829.975,1761.71,2026-09-13T23:32:13
173,clip_1594760722_00173,4830,1.3417,False,new,0.0029,0.3387,11.5378,11.8794,0.2914,0.3275,0.9992,1.6181,64,64,2553.084,2567.832,4844.957,1775.21,2026-09-13T23:32:26
174,clip_1594760722_00174,4845,1.3458,False,old,0.003,0.3238,11.3143,11.6411,0.0029,0.3787,1.0002,1.3819,64,64,2567.832,2582.597,4859.955,1788.24,2026-09-13T23:32:39
175,clip_1594760722_00175,4860,1.35,False,new,0.0029,0.3388,11.1382,11.48,0.0032,0.3343,0.9643,1.3018,64,64,2582.597,2597.361,4874.97,1801.02,2026-09-13T23:32:52
176,clip_1594760722_00176,4875,1.3542,False,old,0.0033,0.3764,11.2968,11.6765,0.0032,0.3343,0.9911,1.3285,64,64,2597.361,2612.11,4889.968,1814.03,2026-09-13T23:33:05
177,clip_1594760722_00177,4890,1.3583,False,new,0.0046,0.3749,11.5474,11.9269,0.0034,0.3559,0.9735,1.3328,64,64,2612.11,2626.874,4904.95,1827.29,2026-09-13T23:33:19
178,clip_1594760722_00178,4905,1.3625,False,old,0.0031,0.3235,12.1362,12.4627,0.003,0.3239,0.9853,1.3121,64,64,2626.874,2641.622,4919.948,1841.07,2026-09-13T23:33:32
179,clip_1594760722_00179,4920,1.3667,False,new,0.0028,0.3189,11.7577,12.0794,0.0034,0.3372,0.9712,1.3118,64,64,2641.622,2656.387,4934.963,1854.46,2026-09-13T23:33:46
180,clip_1594760722_00180,4935,1.3708,False,old,0.0035,0.3259,11.2026,11.532,0.0029,0.2958,0.9684,1.2671,64,64,2656.387,2671.135,4949.962,1867.27,2026-09-13T23:33:59
181,clip_1594760722_00181,4950,1.375,False,new,0.0028,0.3312,12.3498,12.6838,0.0036,0.3154,0.9807,1.2997,64,64,2671.135,2685.9,4964.943,1881.25,2026-09-13T23:34:12
182,clip_1594760722_00182,4965,1.3792,False,old,0.0031,0.3223,11.7699,12.0953,0.0029,0.3827,1.0301,1.4157,64,64,2685.9,2700.665,4979.958,1894.77,2026-09-13T23:34:26
183,clip_1594760722_00183,4980,1.3833,False,new,0.0027,0.3128,12.1562,12.4718,0.0035,0.3441,0.9928,1.3405,64,64,2700.665,2715.413,4994.957,1908.58,2026-09-13T23:34:40
184,clip_1594760722_00184,4995,1.3875,False,old,0.003,0.4072,11.6202,12.0305,0.0034,0.4099,1.006,1.4193,64,64,2715.413,2730.177,5009.938,1922.03,2026-09-13T23:34:53
185,clip_1594760722_00185,5010,1.3917,False,new,0.0029,0.3788,13.0795,13.4611,0.0034,0.3751,1.0044,1.3828,64,64,2730.177,2744.926,5024.97,1936.88,2026-09-13T23:35:08
186,clip_1594760722_00186,5025,1.3958,False,old,0.0033,0.3778,12.2199,12.601,0.0029,0.2978,0.9523,1.2531,64,64,2744.926,2759.69,5039.952,1950.74,2026-09-13T23:35:22
187,clip_1594760722_00187,5040,1.4,False,new,0.0029,0.3797,12.6509,13.0335,0.0034,0.4265,1.0159,1.4458,64,64,2759.69,2774.438,5054.95,1965.22,2026-09-13T23:35:36
188,clip_1594760722_00188,5055,1.4042,False,old,0.0038,0.3538,13.2656,13.6232,0.0029,0.3465,0.9955,1.345,64,64,2774.438,2789.203,5069.965,1980.19,2026-09-13T23:35:51
189,clip_1594760722_00189,5070,1.4083,False,new,0.0028,0.3736,11.9163,12.2927,0.0031,0.3242,1.0473,1.3746,64,64,2789.203,2803.951,5084.963,1993.86,2026-09-13T23:36:05
190,clip_1594760722_00190,5085,1.4125,False,old,0.0029,0.3124,12.347,12.6623,0.0029,0.3511,0.9545,1.3086,64,64,2803.951,2818.716,5099.945,2007.84,2026-09-13T23:36:19
191,clip_1594760722_00191,5100,1.4167,False,new,0.0029,0.3143,12.6405,12.9577,0.0032,0.3252,0.995,1.3234,64,64,2818.716,2833.481,5114.96,2022.12,2026-09-13T23:36:33
192,clip_1594760722_00192,5115,1.4208,False,old,0.0033,0.3099,12.1341,12.4473,0.0029,0.3314,0.9689,1.3031,64,64,2833.481,2848.229,5129.958,2035.87,2026-09-13T23:36:47
193,clip_1594760722_00193,5130,1.425,False,new,0.0028,0.3134,11.9048,12.2209,0.0033,0.3463,0.9695,1.3191,64,64,2848.229,2862.993,5144.94,2049.41,2026-09-13T23:37:01
194,clip_1594760722_00194,5145,1.4292,False,old,0.003,0.325,12.0273,12.3553,0.0029,0.3486,0.9875,1.3389,64,64,2862.993,2877.742,5159.972,2063.11,2026-09-13T23:37:14
195,clip_1594760722_00195,5160,1.4333,False,new,0.003,0.3235,11.6545,11.981,0.003,0.3203,0.9795,1.3029,64,64,2877.742,2892.506,5174.953,2076.4,2026-09-13T23:37:28
196,clip_1594760722_00196,5175,1.4375,False,old,0.0034,0.3837,11.899,12.2862,0.003,0.3801,1.0188,1.4019,64,64,2892.506,2907.254,5189.952,2090.09,2026-09-13T23:37:41
197,clip_1594760722_00197,5190,1.4417,False,new,0.0054,0.383,12.0712,12.4597,0.0047,0.4082,1.0033,1.4162,64,64,2907.254,2922.019,5204.966,2103.96,2026-09-13T23:37:55
198,clip_1594760722_00198,5205,1.4458,False,old,0.0049,0.3443,11.9886,12.3378,0.0029,0.3459,1.0277,1.3764,64,64,2922.019,2936.784,5219.965,2117.68,2026-09-13T23:38:09
199,clip_1594760722_00199,5220,1.45,False,new,0.003,0.3615,12.2678,12.6324,0.0035,0.4189,0.9966,1.4189,64,64,2936.784,2951.532,5234.946,2131.73,2026-09-13T23:38:23
200,clip_1594760722_00200,5235,1.4542,False,old,0.0033,0.307,11.9926,12.3029,0.0028,0.3464,0.9742,1.3234,64,64,2951.532,2966.297,5249.961,2145.37,2026-09-13T23:38:37
201,clip_1594760722_00201,5250,1.4583,False,new,0.0028,0.3191,12.5653,12.8871,0.003,0.3178,1.002,1.3227,64,64,2966.297,2981.045,5264.96,2159.58,2026-09-13T23:38:51
202,clip_1594760722_00202,5265,1.4625,False,old,0.0029,0.3168,12.4225,12.7422,0.0031,0.3491,0.9764,1.3285,64,64,2981.045,2995.81,5279.941,2173.65,2026-09-13T23:39:05
203,clip_1594760722_00203,5280,1.4667,False,new,0.0027,0.3087,12.1526,12.4641,0.0036,0.3724,0.9576,1.3336,64,64,2995.81,3010.558,5294.94,2187.45,2026-09-13T23:39:19
204,clip_1594760722_00204,5295,1.4708,False,old,0.0029,0.3016,12.8771,13.1817,0.0029,0.3707,0.9683,1.3419,64,64,3010.558,3025.322,5309.955,2201.98,2026-09-13T23:39:33
205,clip_1594760722_00205,5310,1.475,False,new,0.0027,0.2875,12.4882,12.7784,0.0035,0.3159,0.9778,1.2972,64,64,3025.322,3040.087,5324.953,2216.06,2026-09-13T23:39:47
206,clip_1594760722_00206,5325,1.4792,False,old,0.0033,0.3,12.7137,13.017,0.0029,0.4356,1.1262,1.5647,64,64,3040.087,3054.835,5339.935,2230.64,2026-09-13T23:40:02
207,clip_1594760722_00207,5340,1.4833,False,new,0.7036,0.326,12.5851,13.6147,0.003,0.447,1.0443,1.4943,64,64,3054.835,3069.6,5354.966,2245.75,2026-09-13T23:40:17
208,clip_1594760722_00208,5355,1.4875,False,old,0.0032,0.2984,13.1142,13.4158,0.0033,0.3608,1.0079,1.372,64,64,3069.6,3084.348,5369.948,2260.54,2026-09-13T23:40:32
209,clip_1594760722_00209,5370,1.4917,False,new,0.0028,0.2988,12.7987,13.1003,0.003,0.395,1.0209,1.4189,64,64,3084.348,3099.113,5384.93,2275.06,2026-09-13T23:40:46
210,clip_1594760722_00210,5385,1.4958,False,old,0.0031,0.3548,12.6437,13.0016,0.003,0.4249,1.0366,1.4645,64,64,3099.113,3113.861,5399.961,2289.54,2026-09-13T23:41:01
211,clip_1594760722_00211,5400,1.5,False,new,0.0029,0.3815,13.3267,13.7111,0.0037,0.4027,1.0552,1.4616,64,64,3113.861,3128.626,5414.943,2304.71,2026-09-13T23:41:16
212,clip_1594760722_00212,5415,1.5042,False,old,0.0028,0.3186,13.318,13.6395,0.0029,0.3817,1.0125,1.3971,64,64,3128.626,3143.391,5429.941,2319.75,2026-09-13T23:41:31
213,clip_1594760722_00213,5430,1.5083,False,new,0.0029,0.3099,12.8779,13.1907,0.003,0.3428,0.9998,1.3456,64,64,3143.391,3158.138,5444.956,2334.29,2026-09-13T23:41:46
214,clip_1594760722_00214,5445,1.5125,False,old,0.0035,0.3082,12.7865,13.0983,0.003,0.401,1.0139,1.4179,64,64,3158.138,3172.903,5459.955,2348.81,2026-09-13T23:42:00
215,clip_1594760722_00215,5460,1.5167,False,new,0.0032,0.3356,12.8155,13.1543,0.0034,0.392,0.9716,1.3671,64,64,3172.903,3187.651,5474.936,2363.33,2026-09-13T23:42:15
216,clip_1594760722_00216,5475,1.5208,False,old,0.0047,0.3924,12.7592,13.1563,0.0028,0.4044,1.0447,1.4519,64,64,3187.651,3202.416,5489.968,2377.94,2026-09-13T23:42:29
217,clip_1594760722_00217,5490,1.525,False,new,0.0033,0.3302,11.8999,12.2333,0.0037,0.4167,1.0333,1.4537,64,64,3202.416,3217.164,5504.949,2391.63,2026-09-13T23:42:43
218,clip_1594760722_00218,5505,1.5292,False,old,0.0033,0.3767,12.4793,12.8593,0.0033,0.383,1.0162,1.4025,64,64,3217.164,3231.929,5519.931,2405.9,2026-09-13T23:42:57
219,clip_1594760722_00219,5520,1.5333,False,new,0.0032,0.3286,12.4133,12.7451,0.004,0.415,1.0328,1.4517,64,64,3231.929,3246.677,5534.963,2420.1,2026-09-13T23:43:11
220,clip_1594760722_00220,5535,1.5375,False,old,0.0032,0.3496,12.8267,13.1795,0.0029,0.3573,0.9722,1.3324,64,64,3246.677,3261.442,5549.944,2434.62,2026-09-13T23:43:26
221,clip_1594760722_00221,5550,1.5417,False,new,0.0029,0.3806,12.6036,12.9871,0.003,0.3841,0.9625,1.3496,64,64,3261.442,3276.206,5564.943,2448.96,2026-09-13T23:43:40
222,clip_1594760722_00222,5565,1.5458,False,old,0.0034,0.3472,12.7228,13.0734,0.0029,0.3521,0.9644,1.3194,64,64,3276.206,3290.954,5579.958,2463.35,2026-09-13T23:43:55
223,clip_1594760722_00223,5580,1.55,False,new,0.0028,0.3436,12.9493,13.2957,0.0034,0.3237,0.9226,1.2497,64,64,3290.954,3305.719,5594.956,2477.9,2026-09-13T23:44:09
224,clip_1594760722_00224,5595,1.5542,False,old,0.003,0.3234,13.4612,13.7875,0.0029,0.362,0.9476,1.3126,64,64,3305.719,3320.467,5609.938,2493.0,2026-09-13T23:44:24
225,clip_1594760722_00225,5610,1.5583,False,new,0.003,0.3356,13.7139,14.0525,0.0033,0.3324,0.9425,1.2783,64,64,3320.467,3335.232,5624.969,2508.33,2026-09-13T23:44:40
226,clip_1594760722_00226,5625,1.5625,False,old,0.003,0.3414,13.5356,13.8799,0.0028,0.3669,0.9818,1.3516,64,64,3335.232,3349.98,5639.951,2523.57,2026-09-13T23:44:55
227,clip_1594760722_00227,5640,1.5667,False,new,0.0033,0.3363,13.0468,13.3863,0.0032,0.3575,0.9656,1.3263,64,64,3349.98,3364.745,5654.933,2538.28,2026-09-13T23:45:10
228,clip_1594760722_00228,5655,1.5708,False,old,0.003,0.3266,12.9096,13.2392,0.0029,0.3706,0.9648,1.3383,64,64,3364.745,3379.51,5669.931,2552.86,2026-09-13T23:45:24
229,clip_1594760722_00229,5670,1.575,False,new,0.0032,0.3071,13.0494,13.3597,0.0033,0.3356,0.9732,1.3121,64,64,3379.51,3394.258,5684.946,2567.54,2026-09-13T23:45:39
230,clip_1594760722_00230,5685,1.5792,False,old,0.0031,0.3397,13.2196,13.5624,0.0029,0.3565,1.0095,1.3689,64,64,3394.258,3409.022,5699.944,2582.47,2026-09-13T23:45:54
231,clip_1594760722_00231,5700,1.5833,False,new,0.0032,0.3321,13.3489,13.6842,0.003,0.3522,0.9635,1.3186,64,64,3409.022,3423.77,5714.926,2597.48,2026-09-13T23:46:09
232,clip_1594760722_00232,5715,1.5875,False,old,0.0031,0.3123,13.08,13.3954,0.0029,0.3904,0.9601,1.3534,64,64,3423.77,3438.535,5729.958,2612.23,2026-09-13T23:46:23
233,clip_1594760722_00233,5730,1.5917,False,new,0.0028,0.3116,12.875,13.1894,0.0033,0.3399,0.9531,1.2963,64,64,3438.535,3453.283,5744.939,2626.72,2026-09-13T23:46:38
234,clip_1594760722_00234,5745,1.5958,False,old,0.0038,0.3165,13.1528,13.4731,0.0029,0.3429,0.9714,1.3172,64,64,3453.283,3468.048,5759.938,2641.51,2026-09-13T23:46:53
235,clip_1594760722_00235,5760,1.6,False,new,0.003,0.2979,13.1901,13.491,0.0029,0.3585,0.9693,1.3308,64,64,3468.048,3482.813,5774.953,2656.33,2026-09-13T23:47:08
236,clip_1594760722_00236,5775,1.6042,False,old,0.0033,0.2966,13.1513,13.4511,0.0038,0.3206,0.9565,1.2809,64,64,3482.813,3497.561,5789.934,2671.07,2026-09-13T23:47:22
237,clip_1594760722_00237,5790,1.6083,False,new,0.0029,0.3156,13.2134,13.5319,0.003,0.3242,0.9507,1.2779,64,64,3497.561,3512.326,5804.932,2685.88,2026-09-13T23:47:37
238,clip_1594760722_00238,5805,1.6125,False,old,0.0033,0.3185,12.9434,13.2651,0.0029,0.3346,0.9636,1.3011,64,64,3512.326,3527.074,5819.948,2700.45,2026-09-13T23:47:52
239,clip_1594760722_00239,5820,1.6167,False,new,0.0029,0.3104,13.8867,14.2001,0.003,0.3645,0.9601,1.3276,64,64,3527.074,3541.838,5834.946,2715.98,2026-09-13T23:48:07
240,clip_1594760722_00240,5835,1.6208,False,old,0.0037,0.3098,13.7509,14.0643,0.0029,0.3413,0.998,1.3422,64,64,3541.838,3556.586,5849.961,2731.39,2026-09-13T23:48:23
241,clip_1594760722_00241,5850,1.625,False,new,0.003,0.3171,13.7663,14.0864,0.0033,0.3407,0.9909,1.3349,64,64,3556.586,3571.351,5864.992,2746.81,2026-09-13T23:48:38
242,clip_1594760722_00242,5865,1.6292,False,old,0.0032,0.3067,13.4962,13.8061,0.003,0.3506,0.9606,1.3142,64,64,3571.351,3586.116,5879.974,2761.94,2026-09-13T23:48:53
243,clip_1594760722_00243,5880,1.6333,False,new,0.0028,0.3095,13.3646,13.6769,0.0029,0.3335,0.9477,1.284,64,64,3586.116,3600.864,5894.972,2776.9,2026-09-13T23:49:08
244,clip_1594760722_00244,5895,1.6375,False,old,0.0032,0.3062,13.7031,14.0125,0.003,0.339,0.9614,1.3034,64,64,3600.864,3615.629,5909.987,2792.22,2026-09-13T23:49:23
245,clip_1594760722_00245,5910,1.6417,False,new,0.0029,0.3052,13.1421,13.4502,0.0034,0.329,0.9367,1.269,64,64,3615.629,3630.377,5924.969,2806.94,2026-09-13T23:49:38
246,clip_1594760722_00246,5925,1.6458,False,old,0.0036,0.3253,13.3135,13.6424,0.003,0.3355,0.9108,1.2493,64,64,3630.377,3645.142,5939.967,2821.83,2026-09-13T23:49:53
247,clip_1594760722_00247,5940,1.65,False,new,0.0028,0.3164,13.6385,13.9577,0.0032,0.3328,0.9358,1.2718,64,64,3645.142,3659.89,5954.982,2837.07,2026-09-13T23:50:08
248,clip_1594760722_00248,5955,1.6542,False,old,0.0033,0.3164,13.1998,13.5196,0.0029,0.3607,0.9441,1.3077,64,64,3659.89,3674.654,5969.981,2851.9,2026-09-13T23:50:23
249,clip_1594760722_00249,5970,1.6583,False,new,0.0028,0.3156,14.2642,14.5827,0.0029,0.3491,0.9548,1.3068,64,64,3674.654,3689.402,5984.962,2867.79,2026-09-13T23:50:39
250,clip_1594760722_00250,5985,1.6625,False,old,0.004,0.3331,15.0113,15.3484,0.0029,0.3696,1.0303,1.4027,64,64,3689.402,3704.167,5999.994,2884.54,2026-09-13T23:50:56
251,clip_1594760722_00251,6000,1.6667,False,new,0.0028,0.3785,16.4889,16.8701,0.0036,0.3903,1.0112,1.4051,64,64,3704.167,3718.932,6014.976,2902.82,2026-09-13T23:51:14
252,clip_1594760722_00252,6015,1.6708,False,old,0.0033,0.3017,15.1863,15.4913,0.003,0.3377,1.0358,1.3766,64,64,3718.932,3733.68,6029.974,2919.69,2026-09-13T23:51:31
253,clip_1594760722_00253,6030,1.675,False,new,0.0031,0.3703,14.3604,14.7338,0.0035,0.4174,1.0889,1.5097,64,64,3733.68,3748.445,6044.956,2935.94,2026-09-13T23:51:47
254,clip_1594760722_00254,6045,1.6792,False,old,0.0034,0.3902,13.8364,14.23,0.0029,0.4364,0.998,1.4373,64,64,3748.445,3763.193,6059.971,2951.61,2026-09-13T23:52:03
255,clip_1594760722_00255,6060,1.6833,False,new,0.0031,0.4217,13.7267,14.1516,0.0032,0.3984,0.9833,1.3848,64,64,3763.193,3777.958,6074.969,2967.15,2026-09-13T23:52:18
256,clip_1594760722_00256,6075,1.6875,False,old,0.0034,0.3381,14.6865,15.0281,0.0041,0.4791,1.0997,1.5829,64,64,3777.958,3792.706,6089.951,2983.76,2026-09-13T23:52:35
257,clip_1594760722_00257,6090,1.6917,False,new,0.003,0.4469,16.0695,16.5194,0.0035,0.4407,1.0286,1.4728,64,64,3792.706,3807.47,6104.982,3001.76,2026-09-13T23:52:53
258,clip_1594760722_00258,6105,1.6958,False,old,0.0039,0.3883,15.083,15.4751,0.0029,0.3798,0.9551,1.3378,64,64,3807.47,3822.235,6119.964,3018.57,2026-09-13T23:53:10
259,clip_1594760722_00259,6120,1.7,False,new,0.0029,0.3575,14.9654,15.3258,0.0034,0.3904,0.9986,1.3924,64,64,3822.235,3836.983,6134.962,3035.29,2026-09-13T23:53:27
260,clip_1594760722_00260,6135,1.7042,False,old,0.0033,0.281,15.8646,16.149,0.0035,0.3731,1.0266,1.4032,64,64,3836.983,3851.748,6149.977,3052.85,2026-09-13T23:53:44
261,clip_1594760722_00261,6150,1.7083,False,new,0.0029,0.3584,15.6766,16.0379,0.003,0.4144,1.0378,1.4552,64,64,3851.748,3866.496,6164.976,3070.35,2026-09-13T23:54:02
262,clip_1594760722_00262,6165,1.7125,False,old,0.0035,0.3631,14.4165,14.7832,0.003,0.3648,0.9854,1.3531,64,64,3866.496,3881.261,6179.957,3086.48,2026-09-13T23:54:18
263,clip_1594760722_00263,6180,1.7167,False,new,0.0028,0.3473,14.9878,15.3379,0.003,0.385,0.9991,1.3871,64,64,3881.261,3896.009,6194.972,3103.21,2026-09-13T23:54:34
264,clip_1594760722_00264,6195,1.7208,False,old,0.0033,0.3216,14.5745,14.8994,0.003,0.3681,1.0354,1.4064,64,64,3896.009,3910.774,6209.971,3119.52,2026-09-13T23:54:51
265,clip_1594760722_00265,6210,1.725,False,new,0.003,0.3795,14.8613,15.2437,0.0048,0.3856,1.0582,1.4486,64,64,3910.774,3925.538,6224.952,3136.22,2026-09-13T23:55:07
266,clip_1594760722_00266,6225,1.7292,False,old,0.0032,0.3777,14.7,15.0809,0.0032,0.4395,1.0062,1.4489,64,64,3925.538,3940.286,6239.984,3152.75,2026-09-13T23:55:24
267,clip_1594760722_00267,6240,1.7333,False,new,0.0029,0.3749,14.4729,14.8506,0.0034,0.4059,0.9824,1.3917,64,64,3940.286,3955.051,6254.965,3168.99,2026-09-13T23:55:40
268,clip_1594760722_00268,6255,1.7375,False,old,0.0032,0.3787,14.5408,14.9228,0.0032,0.4057,0.9524,1.3613,64,64,3955.051,3969.799,6269.964,3185.28,2026-09-13T23:55:57
269,clip_1594760722_00269,6270,1.7417,False,new,0.0029,0.3005,14.7935,15.0969,0.0046,0.3602,0.958,1.3228,64,64,3969.799,3984.564,6284.979,3201.7,2026-09-13T23:56:13
270,clip_1594760722_00270,6285,1.7458,False,old,0.0034,0.3218,14.129,14.4541,0.003,0.3223,0.9221,1.2474,64,64,3984.564,3999.312,6299.977,3217.41,2026-09-13T23:56:29
271,clip_1594760722_00271,6300,1.75,False,new,0.003,0.3394,14.2576,14.6,0.0033,0.3569,0.9685,1.3287,64,64,3999.312,4014.077,6314.959,3233.34,2026-09-13T23:56:45
272,clip_1594760722_00272,6315,1.7542,False,old,0.0032,0.2978,14.3544,14.6554,0.003,0.334,0.9793,1.3162,64,64,4014.077,4028.842,6329.974,3249.31,2026-09-13T23:57:01
273,clip_1594760722_00273,6330,1.7583,False,new,0.0029,0.3382,14.5039,14.845,0.0031,0.3645,1.02,1.3875,64,64,4028.842,4043.59,6344.972,3265.55,2026-09-13T23:57:17
274,clip_1594760722_00274,6345,1.7625,False,old,0.0035,0.3188,14.7606,15.0829,0.0043,0.3593,0.9922,1.3558,64,64,4043.59,4058.354,6359.954,3281.99,2026-09-13T23:57:33
275,clip_1594760722_00275,6360,1.7667,False,new,0.003,0.3436,14.6271,14.9738,0.0032,0.3481,0.9672,1.3185,64,64,4058.354,4073.102,6374.985,3298.29,2026-09-13T23:57:50
276,clip_1594760722_00276,6375,1.7708,False,old,0.0033,0.3243,14.6915,15.0191,0.0032,0.3419,0.9567,1.3019,64,64,4073.102,4087.867,6389.967,3314.61,2026-09-13T23:58:06
277,clip_1594760722_00277,6390,1.775,False,new,0.0029,0.2807,14.6935,14.9771,0.0035,0.3351,0.9341,1.2727,64,64,4087.867,4102.615,6404.965,3330.86,2026-09-13T23:58:22
278,clip_1594760722_00278,6405,1.7792,False,old,0.0036,0.3124,15.401,15.717,0.0029,0.4254,0.9788,1.4071,64,64,4102.615,4117.38,6419.947,3347.99,2026-09-13T23:58:39
279,clip_1594760722_00279,6420,1.7833,False,new,0.003,0.3445,15.5654,15.9128,0.0037,0.3729,1.017,1.3936,64,64,4117.38,4132.128,6434.979,3365.3,2026-09-13T23:58:57
280,clip_1594760722_00280,6435,1.7875,False,old,0.0039,0.3867,15.1366,15.5272,0.0029,0.4338,0.9739,1.4106,64,64,4132.128,4146.893,6449.96,3382.24,2026-09-13T23:59:13
281,clip_1594760722_00281,6450,1.7917,False,new,0.0029,0.3076,14.5744,14.8849,0.0034,0.349,1.0008,1.3532,64,64,4146.893,4161.658,6464.942,3398.48,2026-09-13T23:59:30
282,clip_1594760722_00282,6465,1.7958,False,old,0.0031,0.3155,15.1965,15.5151,0.0036,0.3638,0.9876,1.355,64,64,4161.658,4176.406,6479.974,3415.36,2026-09-13T23:59:47
283,clip_1594760722_00283,6480,1.8,False,new,0.0029,0.3263,15.0347,15.3639,0.0032,0.3393,0.9687,1.3112,64,64,4176.406,4191.17,6494.955,3432.03,2026-09-14T00:00:03
284,clip_1594760722_00284,6495,1.8042,False,old,0.0032,0.3535,15.1495,15.5062,0.003,0.3665,0.9933,1.3628,64,64,4191.17,4205.918,6509.954,3448.9,2026-09-14T00:00:20
285,clip_1594760722_00285,6510,1.8083,False,new,0.0029,0.3389,15.0286,15.3704,0.003,0.3994,0.9915,1.394,64,64,4205.918,4220.683,6524.969,3465.67,2026-09-14T00:00:37
286,clip_1594760722_00286,6525,1.8125,False,old,0.0032,0.3344,14.9621,15.2997,0.0029,0.3903,0.9909,1.3842,64,64,4220.683,4235.431,6539.967,3482.36,2026-09-14T00:00:54
287,clip_1594760722_00287,6540,1.8167,False,new,0.0029,0.3439,14.4709,14.8177,0.0034,0.4122,0.9859,1.4015,64,64,4235.431,4250.196,6554.948,3498.58,2026-09-14T00:01:10
288,clip_1594760722_00288,6555,1.8208,False,old,0.003,0.3895,15.7017,16.0942,0.003,0.4002,1.0177,1.4209,64,64,4250.196,4264.961,6569.98,3516.1,2026-09-14T00:01:27
289,clip_1594760722_00289,6570,1.825,False,new,0.0029,0.3416,15.3292,15.6736,0.0034,0.4376,1.0017,1.4427,64,64,4264.961,4279.709,6584.962,3533.22,2026-09-14T00:01:44
290,clip_1594760722_00290,6585,1.8292,False,old,0.003,0.3106,15.1049,15.4185,0.003,0.3411,0.9911,1.3352,64,64,4279.709,4294.474,6599.943,3549.97,2026-09-14T00:02:01
291,clip_1594760722_00291,6600,1.8333,False,new,0.003,0.3222,14.7795,15.1046,0.0029,0.3558,0.9534,1.3122,64,64,4294.474,4309.222,6614.975,3566.39,2026-09-14T00:02:18
292,clip_1594760722_00292,6615,1.8375,False,old,0.003,0.3148,15.0003,15.3181,0.0033,0.3373,0.9147,1.2553,64,64,4309.222,4323.986,6629.957,3582.97,2026-09-14T00:02:34
293,clip_1594760722_00293,6630,1.8417,False,new,0.0028,0.3346,14.8679,15.2054,0.0035,0.3569,0.9719,1.3324,64,64,4323.986,4338.734,6644.955,3599.51,2026-09-14T00:02:51
294,clip_1594760722_00294,6645,1.8458,False,old,0.0036,0.3283,15.3248,15.6566,0.0031,0.346,0.9366,1.2857,64,64,4338.734,4353.499,6659.97,3616.45,2026-09-14T00:03:08
295,clip_1594760722_00295,6660,1.85,False,new,0.003,0.3372,15.3513,15.6915,0.0033,0.3386,0.9219,1.2639,64,64,4353.499,4368.264,6674.968,3633.41,2026-09-14T00:03:25
296,clip_1594760722_00296,6675,1.8542,False,old,0.0038,0.3489,15.9954,16.3482,0.0029,0.3892,1.0241,1.4161,64,64,4368.264,4383.012,6689.95,3651.18,2026-09-14T00:03:42
297,clip_1594760722_00297,6690,1.8583,False,new,0.003,0.3389,15.3633,15.7052,0.0061,0.4049,0.9673,1.3783,64,64,4383.012,4397.777,6704.982,3668.27,2026-09-14T00:04:00
298,clip_1594760722_00298,6705,1.8625,False,old,0.003,0.2957,15.7766,16.0753,0.0034,0.3752,0.968,1.3466,64,64,4397.777,4412.525,6719.963,3685.69,2026-09-14T00:04:17
299,clip_1594760722_00299,6735,1.8708,False,new,0.0028,0.2992,15.7209,16.0229,0.0033,0.3409,0.935,1.2792,64,64,4412.525,4427.29,6749.977,3702.99,2026-09-14T00:04:34
300,clip_1594760722_00300,6750,1.875,False,old,0.0036,0.323,14.9947,15.3213,0.003,0.3545,0.9492,1.3067,64,64,4427.29,4442.038,6764.958,3719.63,2026-09-14T00:04:51
301,clip_1594760722_00301,6765,1.8792,False,new,0.003,0.289,15.2995,15.5916,0.003,0.3427,0.9863,1.3321,64,64,4442.038,4456.802,6779.957,3736.55,2026-09-14T00:05:08
302,clip_1594760722_00302,6780,1.8833,False,old,0.003,0.3285,15.0914,15.4229,0.0031,0.3761,0.972,1.3512,64,64,4456.802,4471.567,6794.938,3753.33,2026-09-14T00:05:25
303,clip_1594760722_00303,6795,1.8875,False,new,0.0048,0.3244,15.4163,15.7454,0.003,0.3554,0.9569,1.3153,64,64,4471.567,4486.315,6809.97,3770.39,2026-09-14T00:05:42
304,clip_1594760722_00304,6810,1.8917,False,old,0.0034,0.3809,16.0991,16.4834,0.0029,0.3954,1.0017,1.4,64,64,4486.315,4501.08,6824.952,3788.28,2026-09-14T00:06:00
305,clip_1594760722_00305,6825,1.8958,False,new,0.0035,0.3532,16.1538,16.5105,0.0035,0.445,1.017,1.4654,64,64,4501.08,4515.828,6839.95,3806.26,2026-09-14T00:06:18
306,clip_1594760722_00306,6840,1.9,False,old,0.0038,0.331,15.5156,15.8504,0.0029,0.3855,0.9888,1.3772,64,64,4515.828,4530.593,6854.965,3823.49,2026-09-14T00:06:35
307,clip_1594760722_00307,6855,1.9042,False,new,0.0047,0.3168,16.5805,16.9021,0.0034,0.3648,0.9788,1.3469,64,64,4530.593,4545.341,6869.946,3841.74,2026-09-14T00:06:53
308,clip_1594760722_00308,6870,1.9083,False,old,0.0039,0.3741,16.1205,16.4985,0.003,0.3386,0.9565,1.2981,64,64,4545.341,4560.106,6884.945,3859.54,2026-09-14T00:07:11
309,clip_1594760722_00309,6885,1.9125,False,new,0.0028,0.3637,16.173,16.5395,0.0034,0.3458,0.9831,1.3323,64,64,4560.106,4574.854,6899.96,3877.41,2026-09-14T00:07:29
310,clip_1594760722_00310,6900,1.9167,False,old,0.0032,0.3739,16.4253,16.8024,0.0059,0.4411,0.9962,1.4432,64,64,4574.854,4589.618,6914.958,3895.67,2026-09-14T00:07:47
311,clip_1594760722_00311,6915,1.9208,False,new,0.0028,0.3137,15.4141,15.7307,0.005,0.4127,0.9727,1.3904,64,64,4589.618,4604.383,6929.94,3912.79,2026-09-14T00:08:04
312,clip_1594760722_00312,6930,1.925,False,old,0.0038,0.3288,15.8706,16.2032,0.0035,0.347,0.9654,1.316,64,64,4604.383,4619.131,6944.971,3930.31,2026-09-14T00:08:22
313,clip_1594760722_00313,6945,1.9292,False,new,0.003,0.3,16.1363,16.4393,0.003,0.3275,0.9313,1.2618,64,64,4619.131,4633.896,6959.953,3948.01,2026-09-14T00:08:39
314,clip_1594760722_00314,6960,1.9333,False,old,0.003,0.3069,15.9437,16.2535,0.0029,0.3495,0.9837,1.3362,64,64,4633.896,4648.644,6974.951,3965.61,2026-09-14T00:08:57
315,clip_1594760722_00315,6975,1.9375,False,new,0.0028,0.3829,16.0177,16.4034,0.0034,0.3456,0.9595,1.3086,64,64,4648.644,4663.409,6989.966,3983.32,2026-09-14T00:09:15
316,clip_1594760722_00316,6990,1.9417,False,old,0.0042,0.3935,16.7374,17.135,0.0029,0.3983,0.9882,1.3894,64,64,4663.409,4678.157,7004.948,4001.85,2026-09-14T00:09:33
317,clip_1594760722_00317,7005,1.9458,False,new,0.0029,0.3121,15.8039,16.1189,0.0033,0.3945,0.984,1.3818,64,64,4678.157,4692.922,7019.946,4019.35,2026-09-14T00:09:51
318,clip_1594760722_00318,7020,1.95,False,old,0.0033,0.3184,16.6049,16.9267,0.003,0.4013,1.0005,1.4048,64,64,4692.922,4707.686,7034.961,4037.68,2026-09-14T00:10:09
319,clip_1594760722_00319,7035,1.9542,False,new,0.003,0.3537,16.3585,16.7152,0.0032,0.3677,0.9981,1.3689,64,64,4707.686,4722.434,7049.96,4055.77,2026-09-14T00:10:27
320,clip_1594760722_00320,7050,1.9583,False,old,0.0032,0.3303,16.6475,16.9809,0.0029,0.3755,1.0413,1.4197,64,64,4722.434,4737.199,7064.941,4074.18,2026-09-14T00:10:45
321,clip_1594760722_00321,7065,1.9625,False,new,0.0032,0.4068,17.2668,17.6768,0.0033,0.43,1.0082,1.4414,64,64,4737.199,4751.947,7079.973,4093.3,2026-09-14T00:11:05
322,clip_1594760722_00322,7080,1.9667,False,old,0.0032,0.4116,17.484,17.8988,0.0029,0.3558,0.9795,1.3382,64,64,4751.947,4766.712,7094.955,4112.54,2026-09-14T00:11:24
323,clip_1594760722_00323,7095,1.9708,False,new,0.0028,0.3349,16.5055,16.8433,0.0032,0.3324,0.9404,1.2759,64,64,4766.712,4781.46,7109.953,4130.66,2026-09-14T00:11:42
324,clip_1594760722_00324,7110,1.975,False,old,0.0034,0.3293,16.4664,16.7991,0.0033,0.3184,1.0022,1.3239,64,64,4781.46,4796.225,7124.968,4148.79,2026-09-14T00:12:00
325,clip_1594760722_00325,7125,1.9792,False,new,0.0029,0.3727,17.066,17.4416,0.0034,0.379,1.0243,1.4067,64,64,4796.225,4810.99,7139.95,4167.64,2026-09-14T00:12:19
326,clip_1594760722_00326,7140,1.9833,False,old,0.0034,0.3612,16.3586,16.7232,0.0056,0.4333,0.9733,1.4122,64,64,4810.99,4825.738,7154.948,4185.77,2026-09-14T00:12:37
327,clip_1594760722_00327,7155,1.9875,False,new,0.003,0.3229,16.0436,16.3695,0.0032,0.3317,0.9672,1.3021,64,64,4825.738,4840.502,7169.929,4203.45,2026-09-14T00:12:55
328,clip_1594760722_00328,7170,1.9917,False,old,0.0032,0.2864,16.7261,17.0158,0.0029,0.3342,0.9587,1.2959,64,64,4840.502,4855.25,7184.961,4221.76,2026-09-14T00:13:13
329,clip_1594760722_00329,7185,1.9958,False,new,0.0028,0.3355,15.7696,16.1079,0.003,0.3313,0.9915,1.3258,64,64,4855.25,4870.015,7199.943,4239.2,2026-09-14T00:13:30
330,clip_1594760722_00330,7200,2.0,False,old,0.0034,0.3486,16.903,17.255,0.003,0.3662,0.9673,1.3365,64,64,4870.015,4884.763,7214.941,4257.8,2026-09-14T00:13:49
331,clip_1594760722_00331,7215,2.0042,False,new,0.0031,0.3807,16.4342,16.818,0.0033,0.401,1.0415,1.4458,64,64,4884.763,4899.528,7229.956,4276.06,2026-09-14T00:14:07
332,clip_1594760722_00332,7230,2.0083,False,old,0.0035,0.3224,16.6217,16.9477,0.0033,0.3404,0.9619,1.3057,64,64,4899.528,4914.293,7244.954,4294.32,2026-09-14T00:14:26
333,clip_1594760722_00333,7245,2.0125,False,new,0.0029,0.3103,16.536,16.8491,0.0029,0.3646,0.9497,1.3173,64,64,4914.293,4929.041,7259.936,4312.49,2026-09-14T00:14:44
334,clip_1594760722_00334,7260,2.0167,False,old,0.0034,0.3144,16.1191,16.4369,0.003,0.389,1.0075,1.3995,64,64,4929.041,4943.806,7274.951,4330.33,2026-09-14T00:15:02
335,clip_1594760722_00335,7275,2.0208,False,new,0.0049,0.3013,16.4568,16.763,0.0031,0.3545,1.0189,1.3765,64,64,4943.806,4958.554,7289.949,4348.47,2026-09-14T00:15:20
336,clip_1594760722_00336,7290,2.025,False,old,0.0031,0.3463,16.1225,16.472,0.0033,0.3848,0.9441,1.3323,64,64,4958.554,4973.318,7304.931,4366.27,2026-09-14T00:15:38
337,clip_1594760722_00337,7305,2.0292,False,new,0.0029,0.3217,16.1331,16.4577,0.0034,0.3347,0.9426,1.2806,64,64,4973.318,4988.066,7319.963,4384.01,2026-09-14T00:15:55
338,clip_1594760722_00338,7320,2.0333,False,old,0.0034,0.335,16.2233,16.5618,0.0039,0.3518,0.9469,1.3025,64,64,4988.066,5002.831,7334.944,4401.88,2026-09-14T00:16:13
339,clip_1594760722_00339,7335,2.0375,False,new,0.0032,0.3326,16.7277,17.0635,0.0033,0.329,0.9594,1.2917,64,64,5002.831,5017.579,7349.943,4420.24,2026-09-14T00:16:31
340,clip_1594760722_00340,7350,2.0417,False,old,0.0032,0.314,16.6176,16.9347,0.0029,0.4339,1.0094,1.4462,64,64,5017.579,5032.344,7364.958,4438.63,2026-09-14T00:16:50
341,clip_1594760722_00341,7365,2.0458,False,new,0.0029,0.3327,16.4025,16.7381,0.003,0.3934,0.9873,1.3837,64,64,5032.344,5047.109,7379.956,4456.75,2026-09-14T00:17:08
342,clip_1594760722_00342,7380,2.05,False,old,0.0036,0.3062,17.3654,17.6752,0.0029,0.3752,0.9585,1.3366,64,64,5047.109,5061.857,7394.938,4475.77,2026-09-14T00:17:27
343,clip_1594760722_00343,7410,2.0583,False,new,0.0029,0.2961,16.2821,16.5811,0.0031,0.3332,0.9655,1.3018,64,64,5061.857,5076.622,7424.951,4493.65,2026-09-14T00:17:45
344,clip_1594760722_00344,7425,2.0625,False,old,0.0033,0.3319,16.815,17.1502,0.0029,0.3466,0.9985,1.348,64,64,5076.622,5091.37,7439.933,4512.15,2026-09-14T00:18:03
345,clip_1594760722_00345,7440,2.0667,False,new,0.0048,0.366,17.1332,17.504,0.0033,0.4023,0.9261,1.3318,64,64,5091.37,5106.134,7454.964,4530.99,2026-09-14T00:18:22
346,clip_1594760722_00346,7455,2.0708,False,old,0.0036,0.3703,16.7913,17.1652,0.003,0.3631,0.9715,1.3376,64,64,5106.134,5120.882,7469.946,4549.5,2026-09-14T00:18:41
347,clip_1594760722_00347,7470,2.075,False,new,0.003,0.3172,16.5275,16.8478,0.0035,0.3472,0.9318,1.2825,64,64,5120.882,5135.647,7484.944,4567.63,2026-09-14T00:18:59
348,clip_1594760722_00348,7485,2.0792,False,old,0.0031,0.3538,17.0727,17.4296,0.003,0.3605,0.942,1.3054,64,64,5135.647,5150.412,7499.959,4586.37,2026-09-14T00:19:18
349,clip_1594760722_00349,7500,2.0833,False,new,0.0029,0.3504,17.0169,17.3701,0.0033,0.3282,0.9743,1.3059,64,64,5150.412,5165.16,7514.958,4605.04,2026-09-14T00:19:36
350,clip_1594760722_00350,7515,2.0875,False,old,0.0035,0.3784,17.0542,17.436,0.0029,0.3482,0.9646,1.3157,64,64,5165.16,5179.925,7529.939,4623.8,2026-09-14T00:19:55
351,clip_1594760722_00351,7530,2.0917,False,new,0.0028,0.3377,16.5112,16.8517,0.0035,0.3432,0.9969,1.3435,64,64,5179.925,5194.673,7544.921,4642.0,2026-09-14T00:20:13
352,clip_1594760722_00352,7545,2.0958,False,old,0.0031,0.3318,16.7066,17.0415,0.0029,0.3676,0.9626,1.3331,64,64,5194.673,5209.438,7559.952,4660.38,2026-09-14T00:20:32
353,clip_1594760722_00353,7560,2.1,False,new,0.003,0.3367,17.0512,17.3909,0.0034,0.3626,0.9782,1.3441,64,64,5209.438,5224.186,7574.934,4679.11,2026-09-14T00:20:50
354,clip_1594760722_00354,7575,2.1042,False,old,0.004,0.4124,17.6725,18.0889,0.0032,0.4275,0.9381,1.3687,64,64,5224.186,5238.95,7589.932,4698.57,2026-09-14T00:21:10
355,clip_1594760722_00355,7590,2.1083,False,new,0.0034,0.3293,16.4562,16.789,0.0034,0.3717,0.9687,1.3437,64,64,5238.95,5253.715,7604.947,4716.71,2026-09-14T00:21:28
356,clip_1594760722_00356,7605,2.1125,False,old,0.0032,0.2977,16.7336,17.0344,0.0032,0.3364,0.9142,1.2537,64,64,5253.715,5268.463,7619.946,4735.0,2026-09-14T00:21:46
357,clip_1594760722_00357,7620,2.1167,False,new,0.0029,0.3295,17.3119,17.6442,0.0033,0.3496,0.9409,1.2938,64,64,5268.463,5283.228,7634.927,4753.94,2026-09-14T00:22:05
358,clip_1594760722_00358,7635,2.1208,False,old,0.0041,0.4027,16.8021,17.2088,0.0028,0.416,0.9835,1.4023,64,64,5283.228,5297.976,7649.959,4772.55,2026-09-14T00:22:24
359,clip_1594760722_00359,7650,2.125,False,new,0.0033,0.3434,16.9041,17.2507,0.0039,0.3553,0.9606,1.3198,64,64,5297.976,5312.741,7664.941,4791.13,2026-09-14T00:22:42
360,clip_1594760722_00360,7665,2.1292,False,old,0.0035,0.3468,17.1386,17.4889,0.0029,0.3814,0.9878,1.3721,64,64,5312.741,5327.489,7679.956,4810.0,2026-09-14T00:23:01
361,clip_1594760722_00361,7695,2.1375,False,new,0.0029,0.3596,16.7887,17.1512,0.0032,0.382,0.9787,1.3639,64,64,5327.489,5342.254,7709.969,4828.52,2026-09-14T00:23:20
362,clip_1594760722_00362,7710,2.1417,False,old,0.0048,0.3644,17.4769,17.8461,0.0032,0.4318,0.9784,1.4135,64,64,5342.254,5357.019,7724.967,4847.78,2026-09-14T00:23:39
363,clip_1594760722_00363,7725,2.1458,False,new,0.0028,0.3432,17.1501,17.4961,0.0032,0.3284,0.9357,1.2673,64,64,5357.019,5371.766,7739.982,4866.55,2026-09-14T00:23:58
364,clip_1594760722_00364,7740,2.15,False,old,0.0033,0.3331,17.5876,17.9241,0.003,0.3371,0.9696,1.3097,64,64,5371.766,5386.531,7754.981,4885.78,2026-09-14T00:24:17
365,clip_1594760722_00365,7755,2.1542,False,new,0.0028,0.3082,17.6885,17.9995,0.0033,0.331,0.943,1.2772,64,64,5386.531,5401.279,7769.962,4905.06,2026-09-14T00:24:36
366,clip_1594760722_00366,7770,2.1583,False,old,0.0034,0.3982,17.0045,17.406,0.0029,0.3728,0.9464,1.3221,64,64,5401.279,5416.044,7784.994,4923.79,2026-09-14T00:24:55
367,clip_1594760722_00367,7785,2.1625,False,new,0.003,0.3246,17.1265,17.4541,0.0029,0.3596,0.9635,1.3261,64,64,5416.044,5430.792,7799.976,4942.57,2026-09-14T00:25:14
368,clip_1594760722_00368,7800,2.1667,False,old,0.003,0.3441,17.07,17.417,0.003,0.3576,0.9762,1.3369,64,64,5430.792,5445.557,7814.957,4961.33,2026-09-14T00:25:33
369,clip_1594760722_00369,7815,2.1708,False,new,0.0029,0.3583,17.1761,17.5373,0.0031,0.3587,0.9539,1.3157,64,64,5445.557,5460.305,7829.989,4980.19,2026-09-14T00:25:51
370,clip_1594760722_00370,7860,2.1833,False,old,0.0034,0.3634,17.8229,18.1898,0.003,0.3537,0.9851,1.3417,64,64,5460.305,5475.07,7874.984,4999.72,2026-09-14T00:26:11
371,clip_1594760722_00371,7875,2.1875,False,new,0.003,0.322,17.303,17.628,0.0036,0.3228,0.946,1.2725,64,64,5475.07,5489.834,7889.982,5018.63,2026-09-14T00:26:30
372,clip_1594760722_00372,7890,2.1917,False,old,0.0035,0.3583,17.454,17.8157,0.0033,0.3731,0.9905,1.3669,64,64,5489.834,5504.582,7904.964,5037.81,2026-09-14T00:26:49
373,clip_1594760722_00373,7905,2.1958,False,new,0.0029,0.3791,17.6547,18.0368,0.0032,0.3736,1.0022,1.379,64,64,5504.582,5519.347,7919.962,5057.23,2026-09-14T00:27:08
374,clip_1594760722_00374,7920,2.2,False,old,0.0062,0.4167,17.6271,18.05,0.0031,0.3303,0.934,1.2674,64,64,5519.347,5534.095,7934.977,5076.55,2026-09-14T00:27:28
375,clip_1594760722_00375,7935,2.2042,False,new,0.0032,0.3243,17.5237,17.8512,0.0034,0.3154,0.9529,1.2716,64,64,5534.095,5548.86,7949.959,5095.67,2026-09-14T00:27:47
376,clip_1594760722_00376,7950,2.2083,False,old,0.003,0.3179,17.3663,17.6872,0.0048,0.416,0.9838,1.4046,64,64,5548.86,5563.608,7964.957,5114.77,2026-09-14T00:28:06
377,clip_1594760722_00377,7965,2.2125,False,new,0.003,0.3984,17.552,17.9534,0.0035,0.3902,0.9746,1.3683,64,64,5563.608,5578.373,7979.972,5134.09,2026-09-14T00:28:25
378,clip_1594760722_00378,7980,2.2167,False,old,0.0028,0.3236,17.7148,18.0413,0.0029,0.3622,0.9639,1.329,64,64,5578.373,5593.138,7994.97,5153.47,2026-09-14T00:28:45
379,clip_1594760722_00379,7995,2.2208,False,new,0.0031,0.2986,18.3283,18.6299,0.0032,0.344,0.9522,1.2993,64,64,5593.138,5607.886,8009.952,5173.4,2026-09-14T00:29:05
380,clip_1594760722_00380,8010,2.225,False,old,0.0035,0.3753,17.5798,17.9585,0.0029,0.3866,0.9698,1.3593,64,64,5607.886,5622.65,8024.984,5192.72,2026-09-14T00:29:24
381,clip_1594760722_00381,8070,2.2417,False,new,0.0028,0.2954,16.9917,17.2899,0.0061,0.3917,0.968,1.3658,64,64,5622.65,5637.399,8084.96,5211.38,2026-09-14T00:29:43
382,clip_1594760722_00382,8085,2.2458,False,old,0.0031,0.3226,17.756,18.0817,0.0033,0.3675,0.9644,1.3352,64,64,5637.399,5652.163,8099.959,5230.8,2026-09-14T00:30:02
383,clip_1594760722_00383,8100,2.25,False,new,0.0028,0.3306,18.445,18.7783,0.0033,0.3525,0.9616,1.3174,64,64,5652.163,5666.911,8114.974,5250.9,2026-09-14T00:30:22
384,clip_1594760722_00384,8115,2.2542,False,old,0.0038,0.3935,18.1219,18.5192,0.0029,0.3885,0.9761,1.3675,64,64,5666.911,5681.676,8129.972,5270.78,2026-09-14T00:30:42
385,clip_1594760722_00385,8130,2.2583,False,new,0.0029,0.3299,18.5699,18.9027,0.0033,0.367,0.9768,1.3471,64,64,5681.676,5696.441,8144.954,5291.04,2026-09-14T00:31:02
386,clip_1594760722_00386,8160,2.2667,False,old,0.0033,0.3729,18.6505,19.0266,0.0029,0.4076,0.9747,1.3852,64,64,5696.441,5711.189,8174.967,5311.45,2026-09-14T00:31:23
387,clip_1594760722_00387,8175,2.2708,False,new,0.0038,0.3917,18.6731,19.0687,0.0037,0.3653,0.9759,1.3449,64,64,5711.189,5725.954,8189.965,5331.87,2026-09-14T00:31:43
388,clip_1594760722_00388,8190,2.275,False,old,0.0031,0.3346,18.5459,18.8837,0.0033,0.3716,0.9412,1.3161,64,64,5725.954,5740.702,8204.98,5352.07,2026-09-14T00:32:03
389,clip_1594760722_00389,8205,2.2792,False,new,0.0029,0.3423,18.7777,19.1229,0.0031,0.3274,0.9767,1.3072,64,64,5740.702,5755.466,8219.962,5372.5,2026-09-14T00:32:24
390,clip_1594760722_00390,8220,2.2833,False,old,0.0041,0.372,18.5904,18.9664,0.0029,0.3551,0.9877,1.3456,64,64,5755.466,5770.215,8234.96,5392.82,2026-09-14T00:32:44
391,clip_1594760722_00391,8235,2.2875,False,new,0.0035,0.338,19.6855,20.0269,0.0033,0.3518,1.0255,1.3806,64,64,5770.215,5784.979,8249.975,5414.23,2026-09-14T00:33:05
392,clip_1594760722_00392,8250,2.2917,False,old,0.0038,0.3502,21.0081,21.3622,0.0029,0.406,0.98,1.3888,64,64,5784.979,5799.744,8264.973,5436.98,2026-09-14T00:33:28
393,clip_1594760722_00393,8265,2.2958,False,new,0.0029,0.3278,21.1857,21.5164,0.0033,0.3793,0.9755,1.358,64,64,5799.744,5814.492,8279.955,5459.86,2026-09-14T00:33:51
394,clip_1594760722_00394,8280,2.3,False,old,0.0031,0.3548,20.4518,20.8097,0.0031,0.4128,1.0431,1.459,64,64,5814.492,5829.257,8294.953,5482.13,2026-09-14T00:34:13
395,clip_1594760722_00395,8295,2.3042,False,new,0.0028,0.3193,20.4019,20.7241,0.0037,0.3796,0.9887,1.372,64,64,5829.257,5844.005,8309.968,5504.23,2026-09-14T00:34:35
396,clip_1594760722_00396,8310,2.3083,False,old,0.0035,0.3421,21.3284,21.674,0.0033,0.4171,1.02,1.4404,64,64,5844.005,5858.77,8324.967,5527.35,2026-09-14T00:34:59
397,clip_1594760722_00397,8325,2.3125,False,new,0.0033,0.4824,21.0708,21.5565,0.0038,0.446,1.1481,1.5979,64,64,5858.77,5873.518,8339.948,5550.5,2026-09-14T00:35:22
398,clip_1594760722_00398,8355,2.3208,False,old,0.0036,0.4644,21.616,22.084,0.0029,0.4933,1.0291,1.5253,64,64,5873.518,5888.282,8369.962,5574.12,2026-09-14T00:35:45
399,clip_1594760722_00399,8370,2.325,False,new,0.0029,0.3302,20.9093,21.2424,0.0041,0.4103,0.9858,1.4002,64,64,5888.282,5903.031,8384.943,5596.76,2026-09-14T00:36:08
400,clip_1594760722_00400,8385,2.3292,False,old,0.0035,0.3276,19.4881,19.8192,0.003,0.4013,0.9884,1.3927,64,64,5903.031,5917.795,8399.975,5617.98,2026-09-14T00:36:29
401,clip_1594760722_00401,8400,2.3333,False,new,0.0029,0.4307,19.3202,19.7538,0.0051,0.4284,1.1479,1.5814,64,64,5917.795,5932.56,8414.957,5639.32,2026-09-14T00:36:51
402,clip_1594760722_00402,8415,2.3375,False,old,0.0031,0.3614,21.3912,21.7557,0.0029,0.3521,0.9998,1.3548,64,64,5932.56,5947.308,8429.955,5662.43,2026-09-14T00:37:14
403,clip_1594760722_00403,8430,2.3417,False,new,0.0029,0.3994,18.8522,19.2545,0.0035,0.4498,0.9952,1.4485,64,64,5947.308,5962.073,8444.97,5683.14,2026-09-14T00:37:34
404,clip_1594760722_00404,8445,2.3458,False,old,0.0036,0.3453,18.6387,18.9877,0.0029,0.3285,0.9437,1.275,64,64,5962.073,5976.821,8459.968,5703.4,2026-09-14T00:37:55
405,clip_1594760722_00405,8460,2.35,False,new,0.0028,0.3175,19.6877,20.008,0.0031,0.3505,0.9274,1.281,64,64,5976.821,5991.586,8474.95,5724.69,2026-09-14T00:38:16
406,clip_1594760722_00406,8475,2.3542,False,old,0.0032,0.4008,20.0932,20.4972,0.0038,0.3791,0.9791,1.3621,64,64,5991.586,6006.334,8489.965,5746.55,2026-09-14T00:38:38
407,clip_1594760722_00407,8490,2.3583,False,new,0.003,0.3392,20.8417,21.1839,0.0041,0.3878,0.995,1.3868,64,64,6006.334,6021.098,8504.963,5769.13,2026-09-14T00:39:00
408,clip_1594760722_00408,8520,2.3667,False,old,0.0037,0.4372,20.2896,20.7305,0.0031,0.3714,0.9446,1.3192,64,64,6021.098,6035.863,8534.977,5791.18,2026-09-14T00:39:22
409,clip_1594760722_00409,8535,2.3708,False,new,0.0032,0.3242,19.8315,20.1588,0.003,0.3473,0.9441,1.2945,64,64,6035.863,6050.611,8549.958,5812.63,2026-09-14T00:39:44
410,clip_1594760722_00410,8550,2.375,False,old,0.0034,0.3733,20.6835,21.0603,0.0052,0.4109,0.9978,1.4139,64,64,6050.611,6065.376,8564.956,5835.11,2026-09-14T00:40:06
411,clip_1594760722_00411,8565,2.3792,False,new,0.003,0.3379,21.6186,21.9594,0.0033,0.3534,1.0006,1.3573,64,64,6065.376,6080.124,8579.971,5858.43,2026-09-14T00:40:30
412,clip_1594760722_00412,8580,2.3833,False,old,0.0031,0.3499,20.7455,21.0985,0.0032,0.4132,0.9984,1.4149,64,64,6080.124,6094.889,8594.97,5880.95,2026-09-14T00:40:52
413,clip_1594760722_00413,8595,2.3875,False,new,0.0029,0.3148,20.1718,20.4896,0.0036,0.3474,0.9576,1.3087,64,64,6094.889,6109.637,8609.951,5902.75,2026-09-14T00:41:14
414,clip_1594760722_00414,8610,2.3917,False,old,0.0038,0.3446,19.8211,20.1696,0.0029,0.398,1.0061,1.407,64,64,6109.637,6124.402,8624.966,5924.33,2026-09-14T00:41:36
415,clip_1594760722_00415,8625,2.3958,False,new,0.0029,0.3949,18.9784,19.3762,0.0034,0.412,0.9355,1.351,64,64,6124.402,6139.166,8639.965,5945.06,2026-09-14T00:41:56
416,clip_1594760722_00416,8640,2.4,False,old,0.0041,0.3489,21.2675,21.6205,0.003,0.3557,0.9871,1.3458,64,64,6139.166,6153.915,8654.946,5968.03,2026-09-14T00:42:19
417,clip_1594760722_00417,8655,2.4042,False,new,0.003,0.3877,22.6347,23.0254,0.0044,0.4196,0.984,1.408,64,64,6153.915,6168.679,8669.945,5992.46,2026-09-14T00:42:44
418,clip_1594760722_00418,8670,2.4083,False,old,0.0035,0.3471,19.4592,19.8098,0.0028,0.3297,0.9969,1.3294,64,64,6168.679,6183.427,8684.96,6013.6,2026-09-14T00:43:05
419,clip_1594760722_00419,8685,2.4125,False,new,0.0031,0.3532,20.3976,20.754,0.0034,0.3885,1.0037,1.3956,64,64,6183.427,6198.192,8699.958,6035.76,2026-09-14T00:43:27
420,clip_1594760722_00420,8715,2.4208,False,old,0.0035,0.3281,20.8417,21.1733,0.0029,0.362,0.9501,1.315,64,64,6198.192,6212.94,8729.971,6058.25,2026-09-14T00:43:49
421,clip_1594760722_00421,8730,2.425,False,new,0.0029,0.3983,20.0483,20.4495,0.0036,0.3583,0.9894,1.3513,64,64,6212.94,6227.705,8744.953,6080.05,2026-09-14T00:44:11
422,clip_1594760722_00422,8745,2.4292,False,old,0.003,0.3277,19.2487,19.5794,0.0029,0.3286,0.9603,1.2917,64,64,6227.705,6242.47,8759.935,6100.93,2026-09-14T00:44:32
423,clip_1594760722_00423,8760,2.4333,False,new,0.0029,0.3271,19.2749,19.6049,0.0032,0.346,0.9405,1.2898,64,64,6242.47,6257.218,8774.966,6121.82,2026-09-14T00:44:53
424,clip_1594760722_00424,8775,2.4375,False,old,0.0034,0.3861,19.3471,19.7365,0.003,0.331,0.9583,1.2922,64,64,6257.218,6271.982,8789.948,6142.86,2026-09-14T00:45:14
425,clip_1594760722_00425,8790,2.4417,False,new,0.0028,0.3369,19.8772,20.2168,0.0037,0.3616,0.9751,1.3403,64,64,6271.982,6286.731,8804.946,6164.42,2026-09-14T00:45:36
426,clip_1594760722_00426,8820,2.45,False,old,0.0033,0.3844,20.3101,20.6979,0.0028,0.3404,0.971,1.3142,64,64,6286.731,6301.495,8834.96,6186.43,2026-09-14T00:45:58
427,clip_1594760722_00427,8835,2.4542,False,new,0.003,0.344,19.2645,19.6115,0.0035,0.343,0.986,1.3324,64,64,6301.495,6316.243,8849.941,6207.38,2026-09-14T00:46:19
428,clip_1594760722_00428,8850,2.4583,False,old,0.0032,0.3405,19.5457,19.8895,0.0028,0.3956,0.9726,1.3711,64,64,6316.243,6331.008,8864.973,6228.64,2026-09-14T00:46:40
429,clip_1594760722_00429,8865,2.4625,False,new,0.0029,0.3088,19.0593,19.371,0.0038,0.4047,0.9613,1.3699,64,64,6331.008,6345.756,8879.954,6249.38,2026-09-14T00:47:01
430,clip_1594760722_00430,8880,2.4667,False,old,0.0034,0.332,19.1879,19.5233,0.0029,0.3443,0.9746,1.3218,64,64,6345.756,6360.521,8894.936,6270.23,2026-09-14T00:47:21
431,clip_1594760722_00431,8895,2.4708,False,new,0.0029,0.3656,20.6742,21.0427,0.0035,0.4065,0.9838,1.3939,64,64,6360.521,6375.286,8909.968,6292.67,2026-09-14T00:47:44
432,clip_1594760722_00432,8910,2.475,False,old,0.0037,0.3361,19.6266,19.9664,0.0029,0.3566,0.9751,1.3347,64,64,6375.286,6390.034,8924.949,6313.98,2026-09-14T00:48:05
433,clip_1594760722_00433,8955,2.4875,False,new,0.0029,0.388,19.3734,19.7642,0.003,0.3317,0.9761,1.3108,64,64,6390.034,6404.798,8969.961,6335.05,2026-09-14T00:48:26
434,clip_1594760722_00434,8970,2.4917,False,old,0.0039,0.372,20.4694,20.8454,0.003,0.3455,0.9875,1.3359,64,64,6404.798,6419.547,8984.943,6357.24,2026-09-14T00:48:48
435,clip_1594760722_00435,8985,2.4958,False,new,0.0033,0.3161,20.8086,21.1281,0.0044,0.3831,0.9938,1.3813,64,64,6419.547,6434.311,8999.974,6379.75,2026-09-14T00:49:11
436,clip_1594760722_00436,9000,2.5,False,old,0.0037,0.4455,19.5633,20.0125,0.0029,0.3413,0.9799,1.3242,64,64,6434.311,6449.059,9014.956,6401.09,2026-09-14T00:49:32
437,clip_1594760722_00437,9015,2.5042,False,new,0.0029,0.3178,19.72,20.0407,0.0033,0.3376,0.9503,1.2912,64,64,6449.059,6463.824,9029.938,6422.42,2026-09-14T00:49:54
438,clip_1594760722_00438,9030,2.5083,False,old,0.0032,0.3725,20.2738,20.6494,0.003,0.3356,0.9613,1.2999,64,64,6463.824,6478.589,9044.936,6444.38,2026-09-14T00:50:16
439,clip_1594760722_00439,9045,2.5125,False,new,0.003,0.3392,19.6254,19.9676,0.0029,0.356,0.9666,1.3254,64,64,6478.589,6493.337,9059.951,6465.67,2026-09-14T00:50:37
440,clip_1594760722_00440,9060,2.5167,False,old,0.0029,0.3508,20.7066,21.0602,0.0029,0.3901,0.9866,1.3796,64,64,6493.337,6508.102,9074.949,6488.12,2026-09-14T00:50:59
441,clip_1594760722_00441,9090,2.525,False,new,0.0037,0.3242,20.925,21.2529,0.0031,0.3496,1.0083,1.361,64,64,6508.102,6522.85,9104.963,6510.73,2026-09-14T00:51:22
442,clip_1594760722_00442,9105,2.5292,False,old,0.0034,0.3339,20.0502,20.3874,0.003,0.3406,0.9273,1.2709,64,64,6522.85,6537.614,9119.944,6532.39,2026-09-14T00:51:44
